source,investor_name,manager_name,cik,filing_type,filing_date,date,link,source_url,issuer_name,cusip,value,shares,put_call,investment_discretion,other_manager,voting_auth_sole,voting_auth_shared,voting_auth_none,node_type,relationship_type
SEC_13F,Phoenix Financial Ltd.  (CIK 0001679543),,0001679543,13F-HR,2026-05-11,2026-05-11,https://www.sec.gov/Archives/edgar/data/1679543/000117891326002511/0001178913-26-002511-index.htm,,,,,,,,,,,,investor,institutional_holdings
SEC_13F,"Point72 Asset Management, L.P.  (CIK 0001603466)",,0001603466,13F-HR,2026-05-15,2026-05-15,https://www.sec.gov/Archives/edgar/data/1603466/000091957426003476/0000919574-26-003476-index.htm,,,,,,,,,,,,investor,institutional_holdings
SEC_13F,"MetLife Investment Management, LLC  (CIK 0001529735)",,0001529735,13F-HR,2026-05-14,2026-05-14,https://www.sec.gov/Archives/edgar/data/1529735/000162828026035183/0001628280-26-035183-index.htm,,,,,,,,,,,,investor,institutional_holdings
SEC_13F,ROYCE & ASSOCIATES LP  (CIK 0000906304),,0000906304,13F-HR,2026-05-12,2026-05-12,https://www.sec.gov/Archives/edgar/data/906304/000090630426000094/0000906304-26-000094-index.htm,,,,,,,,,,,,investor,institutional_holdings
SEC_13F,"Point72 Private Investments, LLC  (CIK 0001954961)",,0001954961,13F-HR,2026-05-15,2026-05-15,https://www.sec.gov/Archives/edgar/data/1954961/000091957426003482/0000919574-26-003482-index.htm,,,,,,,,,,,,investor,institutional_holdings
SEC_13F,WINMILL & CO. INC  (CIK 0000052234),,0000052234,13F-HR,2026-05-14,2026-05-14,https://www.sec.gov/Archives/edgar/data/52234/000089271226000244/0000892712-26-000244-index.htm,,,,,,,,,,,,investor,institutional_holdings
SEC_13F,"CPV Partners, LLC  (CIK 0001763844)",,0001763844,13F-HR,2026-05-15,2026-05-15,https://www.sec.gov/Archives/edgar/data/1763844/000091957426003459/0000919574-26-003459-index.htm,,,,,,,,,,,,investor,institutional_holdings
SEC_13F,PROVIDA PENSION FUND ADMINISTRATOR  (CIK 0000931588),,0000931588,13F-HR,2026-05-14,2026-05-14,https://www.sec.gov/Archives/edgar/data/931588/000162828026035175/0001628280-26-035175-index.htm,,,,,,,,,,,,investor,institutional_holdings
SEC_13F,PINEBRIDGE INVESTMENTS LLC  (CIK 0002088548),,0002088548,13F-HR,2026-05-14,2026-05-14,https://www.sec.gov/Archives/edgar/data/2088548/000162828026035187/0001628280-26-035187-index.htm,,,,,,,,,,,,investor,institutional_holdings
SEC_13F,"72 Investment Holdings, LLC  (CIK 0001832749)",,0001832749,13F-HR,2026-05-15,2026-05-15,https://www.sec.gov/Archives/edgar/data/1832749/000091957426003468/0000919574-26-003468-index.htm,,,,,,,,,,,,investor,institutional_holdings
SEC_13F,Provident Co of the Employees of the Hebrew University LTD  (CIK 0002016961),,0002016961,13F-HR,2026-05-12,2026-05-12,https://www.sec.gov/Archives/edgar/data/2016961/000117891326002577/0001178913-26-002577-index.htm,,,,,,,,,,,,investor,institutional_holdings
SEC_13F,METROPOLITAN LIFE INSURANCE CO/NY  (CIK 0000728618),,0000728618,13F-HR,2026-05-14,2026-05-14,https://www.sec.gov/Archives/edgar/data/728618/000162828026035185/0001628280-26-035185-index.htm,,,,,,,,,,,,investor,institutional_holdings
SEC_13F,Migdal Insurance & Financial Holdings Ltd.  (CIK 0001415912),,0001415912,13F-HR,2026-05-14,2026-05-14,https://www.sec.gov/Archives/edgar/data/1415912/000117891326002681/0001178913-26-002681-index.htm,,,,,,,,,,,,investor,institutional_holdings
SEC_13F,PineBridge Investments Asia Ltd  (CIK 0002111095),,0002111095,13F-HR,2026-05-14,2026-05-14,https://www.sec.gov/Archives/edgar/data/2111095/000162828026035190/0001628280-26-035190-index.htm,,,,,,,,,,,,investor,institutional_holdings
SEC_13F,Kranot Hishtalmut Le Morim Tichoniim Havera Menahelet LTD  (CIK 0001639754),,0001639754,13F-HR,2026-05-06,2026-05-06,https://www.sec.gov/Archives/edgar/data/1639754/000117891326002411/0001178913-26-002411-index.htm,,,,,,,,,,,,investor,institutional_holdings
SEC_13F,SEI INVESTMENTS CO  (SEIC)  (CIK 0000350894),,0000350894,13F-HR,2026-05-13,2026-05-13,https://www.sec.gov/Archives/edgar/data/350894/000204825126003739/0002048251-26-003739-index.htm,,,,,,,,,,,,investor,institutional_holdings
SEC_13F,RAYMOND JAMES FINANCIAL INC  (RJF)  (CIK 0000720005),,0000720005,13F-HR,2026-05-14,2026-05-14,https://www.sec.gov/Archives/edgar/data/720005/000072000526000052/0000720005-26-000052-index.htm,,,,,,,,,,,,investor,institutional_holdings
SEC_13F,Sphera Management Technology Funds Ltd  (CIK 0002030525),,0002030525,13F-HR,2026-05-15,2026-05-15,https://www.sec.gov/Archives/edgar/data/2030525/000203052526000002/0002030525-26-000002-index.htm,,,,,,,,,,,,investor,institutional_holdings
SEC_13F,Stilwell Value LLC  (CIK 0001397076),,0001397076,13F-HR,2026-05-06,2026-05-06,https://www.sec.gov/Archives/edgar/data/1397076/000139707626000006/0001397076-26-000006-index.htm,,,,,,,,,,,,investor,institutional_holdings
SEC_13F,Karnit Road Accident Victims Compensation Fund  (CIK 0002110887),,0002110887,13F-HR,2026-05-11,2026-05-11,https://www.sec.gov/Archives/edgar/data/2110887/000117891326002517/0001178913-26-002517-index.htm,,,,,,,,,,,,investor,institutional_holdings
SEC_13F,MENORA MIVTACHIM HOLDINGS LTD.  (CIK 0001351917),,0001351917,13F-HR,2026-05-14,2026-05-14,https://www.sec.gov/Archives/edgar/data/1351917/000117891326002684/0001178913-26-002684-index.htm,,,,,,,,,,,,investor,institutional_holdings
SEC_13F,Kranot Hishtalmut Le Morim Ve Gananot Havera Menahelet LTD  (CIK 0001639753),,0001639753,13F-HR,2026-05-06,2026-05-06,https://www.sec.gov/Archives/edgar/data/1639753/000117891326002413/0001178913-26-002413-index.htm,,,,,,,,,,,,investor,institutional_holdings
SEC_13F,"Madison International Realty Holdings, LLC  (CIK 0001640680)",,0001640680,13F-HR,2026-05-12,2026-05-12,https://www.sec.gov/Archives/edgar/data/1640680/000117266126001736/0001172661-26-001736-index.htm,,,,,,,,,,,,investor,institutional_holdings
SEC_13F,Rokos Capital Management LLP  (CIK 0001666335),,0001666335,13F-HR,2026-05-15,2026-05-15,https://www.sec.gov/Archives/edgar/data/1666335/000166633526000004/0001666335-26-000004-index.htm,,,,,,,,,,,,investor,institutional_holdings
SEC_13F,Noked Israel Ltd  (CIK 0001767750),,0001767750,13F-HR,2026-05-14,2026-05-14,https://www.sec.gov/Archives/edgar/data/1767750/000117891326002676/0001178913-26-002676-index.htm,,,,,,,,,,,,investor,institutional_holdings
SEC_13F,Hall Kathryn A.  (CIK 0001512944),,0001512944,13F-HR,2026-05-14,2026-05-14,https://www.sec.gov/Archives/edgar/data/1512944/000151294426000004/0001512944-26-000004-index.htm,,,,,,,,,,,,investor,institutional_holdings
SEC_13F,MEITAV INVESTMENT HOUSE LTD  (CIK 0001398346),,0001398346,13F-HR,2026-04-29,2026-04-29,https://www.sec.gov/Archives/edgar/data/1398346/000117891326002286/0001178913-26-002286-index.htm,,,,,,,,,,,,investor,institutional_holdings
SEC_13F,First International Bank of Israel Ltd.  (CIK 0002081196),,0002081196,13F-HR,2026-05-14,2026-05-14,https://www.sec.gov/Archives/edgar/data/2081196/000117891326002657/0001178913-26-002657-index.htm,,,,,,,,,,,,investor,institutional_holdings
SEC_13F,NORGES BANK  (CIK 0001374170),,0001374170,13F-HR,2026-05-11,2026-05-11,https://www.sec.gov/Archives/edgar/data/1374170/000137417026000023/0001374170-26-000023-index.htm,,,,,,,,,,,,investor,institutional_holdings
SEC_13F,"TWO SIGMA ADVISERS, LP  (CIK 0001478735)",,0001478735,13F-HR,2026-05-15,2026-05-15,https://www.sec.gov/Archives/edgar/data/1478735/000089914026000549/0000899140-26-000549-index.htm,,,,,,,,,,,,investor,institutional_holdings
SEC_13F,Quarry LP  (CIK 0001965207),,0001965207,13F-HR,2026-05-15,2026-05-15,https://www.sec.gov/Archives/edgar/data/1965207/000196520726000004/0001965207-26-000004-index.htm,,,,,,,,,,,,investor,institutional_holdings
SEC_13F,Y.D. More Investments Ltd  (CIK 0001870364),,0001870364,13F-HR,2026-05-04,2026-05-04,https://www.sec.gov/Archives/edgar/data/1870364/000117891326002349/0001178913-26-002349-index.htm,,,,,,,,,,,,investor,institutional_holdings
SEC_13F,"JANE STREET GROUP, LLC  (CIK 0001595888)",,0001595888,13F-HR,2026-05-12,2026-05-12,https://www.sec.gov/Archives/edgar/data/1595888/000159588826000043/0001595888-26-000043-index.htm,,,,,,,,,,,,investor,institutional_holdings
SEC_13F,Blackstone Inc.  (BX)  (CIK 0001393818),,0001393818,13F-HR/A,2026-05-15,2026-05-15,https://www.sec.gov/Archives/edgar/data/1393818/000119312526226614/0001193125-26-226614-index.htm,,,,,,,,,,,,investor,institutional_holdings
SEC_13F,"PRELUDE CAPITAL MANAGEMENT, LLC  (CIK 0001387508)",,0001387508,13F-HR,2026-05-15,2026-05-15,https://www.sec.gov/Archives/edgar/data/1387508/000094562126000717/0000945621-26-000717-index.htm,,,,,,,,,,,,investor,institutional_holdings
SEC_13F,"ExodusPoint Capital Management, LP  (CIK 0001736225)",,0001736225,13F-HR/A,2026-05-15,2026-05-15,https://www.sec.gov/Archives/edgar/data/1736225/000173622526000007/0001736225-26-000007-index.htm,,,,,,,,,,,,investor,institutional_holdings
SEC_13F,Renwick Deborah Lee  (CIK 0002074836),,0002074836,13F-HR,2026-05-12,2026-05-12,https://www.sec.gov/Archives/edgar/data/2074836/000207483626000003/0002074836-26-000003-index.htm,,,,,,,,,,,,investor,institutional_holdings
SEC_13F,NOMURA ASSET MANAGEMENT CO LTD  (CIK 0001055964),,0001055964,13F-HR,2026-05-11,2026-05-11,https://www.sec.gov/Archives/edgar/data/1055964/000114036126020420/0001140361-26-020420-index.htm,,,,,,,,,,,,investor,institutional_holdings
SEC_13F,Value Base Ltd.  (CIK 0001992355),,0001992355,13F-HR,2026-05-06,2026-05-06,https://www.sec.gov/Archives/edgar/data/1992355/000117891326002415/0001178913-26-002415-index.htm,,,,,,,,,,,,investor,institutional_holdings
SEC_13F,"Frank, Rimerman Advisors LLC  (CIK 0001977560)",,0001977560,13F-HR,2026-04-29,2026-04-29,https://www.sec.gov/Archives/edgar/data/1977560/000117266126001573/0001172661-26-001573-index.htm,,,,,,,,,,,,investor,institutional_holdings
SEC_13F,SPHERA FUNDS MANAGEMENT LTD.  (CIK 0001496201),,0001496201,13F-HR,2026-05-15,2026-05-15,https://www.sec.gov/Archives/edgar/data/1496201/000149620126000003/0001496201-26-000003-index.htm,,,,,,,,,,,,investor,institutional_holdings
SEC_13F,"METLIFE INC  (MET, MET-PA, MET-PE, MET-PF)  (CIK 0001099219)",,0001099219,13F-HR,2026-05-14,2026-05-14,https://www.sec.gov/Archives/edgar/data/1099219/000162828026035179/0001628280-26-035179-index.htm,,,,,,,,,,,,investor,institutional_holdings
SEC_13F,"Jump Financial, LLC  (CIK 0001831577)",,0001831577,13F-HR,2026-05-14,2026-05-14,https://www.sec.gov/Archives/edgar/data/1831577/000090514826002271/0000905148-26-002271-index.htm,,,,,,,,,,,,investor,institutional_holdings
SEC_13F,"MITSUBISHI UFJ FINANCIAL GROUP INC  (MUFG, MBFJF)  (CIK 0000067088)",,0000067088,13F-HR,2026-05-11,2026-05-11,https://www.sec.gov/Archives/edgar/data/67088/000119312526215602/0001193125-26-215602-index.htm,,,,,,,,,,,,investor,institutional_holdings
SEC_13F,J Digital 6 LLC  (CIK 0002090663),,0002090663,13F-HR,2026-05-14,2026-05-14,https://www.sec.gov/Archives/edgar/data/2090663/000090514826002278/0000905148-26-002278-index.htm,,,,,,,,,,,,investor,institutional_holdings
SEC_13F,Blackstone Inc.  (BX)  (CIK 0001393818),,0001393818,13F-HR/A,2026-05-15,2026-05-15,https://www.sec.gov/Archives/edgar/data/1393818/000119312526226590/0001193125-26-226590-index.htm,,,,,,,,,,,,investor,institutional_holdings
SEC_13F,"MUFG Bank, Ltd.  (CIK 0000852743)",,0000852743,13F-HR,2026-05-11,2026-05-11,https://www.sec.gov/Archives/edgar/data/852743/000119312526215603/0001193125-26-215603-index.htm,,,,,,,,,,,,investor,institutional_holdings
SEC_13F,"Notable Capital Management, L.L.C.  (CIK 0002065606)",,0002065606,13F-HR,2026-05-12,2026-05-12,https://www.sec.gov/Archives/edgar/data/2065606/000206560626000007/0002065606-26-000007-index.htm,,,,,,,,,,,,investor,institutional_holdings
SEC_13F,NEW SOUTH CAPITAL MANAGEMENT INC  (CIK 0001044797),,0001044797,13F-HR,2026-05-13,2026-05-13,https://www.sec.gov/Archives/edgar/data/1044797/000104479726000004/0001044797-26-000004-index.htm,,,,,,,,,,,,investor,institutional_holdings
SEC_13F,ABN AMRO INVESTMENT SOLUTIONS  (CIK 0002080520),,0002080520,13F-HR,2026-05-12,2026-05-12,https://www.sec.gov/Archives/edgar/data/2080520/000208052026000002/0002080520-26-000002-index.htm,,,,,,,,,,,,investor,institutional_holdings
SEC_13F,Mivtachim The Workers Social Insurance Fund Ltd. (Under Special Management)  (CIK 0001599719),,0001599719,13F-HR,2026-05-13,2026-05-13,https://www.sec.gov/Archives/edgar/data/1599719/000117891326002599/0001178913-26-002599-index.htm,,,,,,,,,,,,investor,institutional_holdings
SEC_13F,Clal Insurance Enterprises Holdings Ltd  (CIK 0001376192),,0001376192,13F-HR,2026-05-12,2026-05-12,https://www.sec.gov/Archives/edgar/data/1376192/000117891326002554/0001178913-26-002554-index.htm,,,,,,,,,,,,investor,institutional_holdings
SEC_13F,Yelin Lapidot Holdings Management Ltd.  (CIK 0001590495),,0001590495,13F-HR,2026-04-22,2026-04-22,https://www.sec.gov/Archives/edgar/data/1590495/000121390026046590/0001213900-26-046590-index.htm,,,,,,,,,,,,investor,institutional_holdings
SEC_13F,"Essex Woodlands Management, Inc.  (CIK 0001542339)",,0001542339,13F-HR,2026-05-04,2026-05-04,https://www.sec.gov/Archives/edgar/data/1542339/000090883426000206/0000908834-26-000206-index.htm,,,,,,,,,,,,investor,institutional_holdings
SEC_13F,Blackstone Inc.  (BX)  (CIK 0001393818),,0001393818,13F-HR,2026-05-15,2026-05-15,https://www.sec.gov/Archives/edgar/data/1393818/000119312526226672/0001193125-26-226672-index.htm,,,,,,,,,,,,investor,institutional_holdings
SEC_13F,Harel Insurance Investments & Financial Services Ltd.  (CIK 0001429390),,0001429390,13F-HR,2026-05-05,2026-05-05,https://www.sec.gov/Archives/edgar/data/1429390/000117891326002381/0001178913-26-002381-index.htm,,,,,,,,,,,,investor,institutional_holdings
SEC_13F,Orbis Allan Gray Ltd  (CIK 0001663865),,0001663865,13F-HR,2026-05-15,2026-05-15,https://www.sec.gov/Archives/edgar/data/1663865/000166386526000003/0001663865-26-000003-index.htm,,,,,,,,,,,,investor,institutional_holdings
SEC_13F,"Revolution Growth Management Company, Inc.  (CIK 0001816374)",,0001816374,13F-HR,2026-05-11,2026-05-11,https://www.sec.gov/Archives/edgar/data/1816374/000181637426000008/0001816374-26-000008-index.htm,,,,,,,,,,,,investor,institutional_holdings
SEC_13F,"Sapience Investments, LLC  (CIK 0001682598)",,0001682598,13F-HR,2026-05-15,2026-05-15,https://www.sec.gov/Archives/edgar/data/1682598/000117266126002235/0001172661-26-002235-index.htm,,,,,,,,,,,,investor,institutional_holdings
SEC_13F,"Union Square Park Capital Management, LLC  (CIK 0001666231)",,0001666231,13F-HR/A,2026-05-15,2026-05-15,https://www.sec.gov/Archives/edgar/data/1666231/000117266126002236/0001172661-26-002236-index.htm,,,,,,,,,,,,investor,institutional_holdings
SEC_13F,"Bain Capital Public Equity, LP  (CIK 0001962552)",,0001962552,13F-HR,2026-05-15,2026-05-15,https://www.sec.gov/Archives/edgar/data/1962552/000196255226000005/0001962552-26-000005-index.htm,,,,,,,,,,,,investor,institutional_holdings
SEC_13F,"DZ BANK AG Deutsche Zentral Genossenschafts Bank, Frankfurt am Main  (CIK 0001694217)",,0001694217,13F-HR/A,2026-05-04,2026-05-04,https://www.sec.gov/Archives/edgar/data/1694217/000090514826002035/0000905148-26-002035-index.htm,,,,,,,,,,,,investor,institutional_holdings
SEC_13F,"DZ BANK AG Deutsche Zentral Genossenschafts Bank, Frankfurt am Main  (CIK 0001694217)",,0001694217,13F-HR/A,2026-05-04,2026-05-04,https://www.sec.gov/Archives/edgar/data/1694217/000090514826002045/0000905148-26-002045-index.htm,,,,,,,,,,,,investor,institutional_holdings
SEC_13F,Boston Trust Walden Corp  (CIK 0001534866),,0001534866,13F-HR,2026-04-24,2026-04-24,https://www.sec.gov/Archives/edgar/data/1534866/000153486626000004/0001534866-26-000004-index.htm,,,,,,,,,,,,investor,institutional_holdings
SEC_13F,EnCap Investments L.P.  (CIK 0001290910),,0001290910,13F-HR,2026-05-15,2026-05-15,https://www.sec.gov/Archives/edgar/data/1290910/000119312526226017/0001193125-26-226017-index.htm,,,,,,,,,,,,investor,institutional_holdings
SEC_13F,NORGES BANK  (CIK 0001374170),,0001374170,13F-HR/A,2026-05-11,2026-05-11,https://www.sec.gov/Archives/edgar/data/1374170/000137417026000021/0001374170-26-000021-index.htm,,,,,,,,,,,,investor,institutional_holdings
SEC_13F,TCW GROUP INC  (CIK 0000850401),,0000850401,13F-HR,2026-05-14,2026-05-14,https://www.sec.gov/Archives/edgar/data/850401/000085040126000006/0000850401-26-000006-index.htm,,,,,,,,,,,,investor,institutional_holdings
SEC_13F,Unicom Capital LLC  (CIK 0001541197),,0001541197,13F-HR,2026-05-14,2026-05-14,https://www.sec.gov/Archives/edgar/data/1541197/000119312526223978/0001193125-26-223978-index.htm,,,,,,,,,,,,investor,institutional_holdings
SEC_13F,MALTESE CAPITAL MANAGEMENT LLC  (CIK 0001040762),,0001040762,13F-HR,2026-05-15,2026-05-15,https://www.sec.gov/Archives/edgar/data/1040762/000091957426003443/0000919574-26-003443-index.htm,,,,,,,,,,,,investor,institutional_holdings
SEC_13F,"Ritter Alpha, LP  (CIK 0001910323)",,0001910323,13F-HR,2026-05-15,2026-05-15,https://www.sec.gov/Archives/edgar/data/1910323/000117266126002260/0001172661-26-002260-index.htm,,,,,,,,,,,,investor,institutional_holdings
SEC_13F,"HHLR ADVISORS, LTD.  (CIK 0001762304)",,0001762304,13F-HR,2026-05-15,2026-05-15,https://www.sec.gov/Archives/edgar/data/1762304/000091957426003551/0000919574-26-003551-index.htm,,,,,,,,,,,,investor,institutional_holdings
SEC_13F,"Lisanti Capital Growth, LLC  (CIK 0001424467)",,0001424467,13F-HR,2026-05-07,2026-05-07,https://www.sec.gov/Archives/edgar/data/1424467/000142446726000002/0001424467-26-000002-index.htm,,,,,,,,,,,,investor,institutional_holdings
SEC_13F,"BlackRock, Inc.  (BLK)  (CIK 0002012383)",,0002012383,13F-HR,2026-05-13,2026-05-13,https://www.sec.gov/Archives/edgar/data/2012383/000201238326001841/0002012383-26-001841-index.htm,,,,,,,,,,,,investor,institutional_holdings
SEC_13F,"DZ BANK AG Deutsche Zentral Genossenschafts Bank, Frankfurt am Main  (CIK 0001694217)",,0001694217,13F-HR/A,2026-05-04,2026-05-04,https://www.sec.gov/Archives/edgar/data/1694217/000090514826002041/0000905148-26-002041-index.htm,,,,,,,,,,,,investor,institutional_holdings
SEC_13F,"DZ BANK AG Deutsche Zentral Genossenschafts Bank, Frankfurt am Main  (CIK 0001694217)",,0001694217,13F-HR/A,2026-05-04,2026-05-04,https://www.sec.gov/Archives/edgar/data/1694217/000090514826002040/0000905148-26-002040-index.htm,,,,,,,,,,,,investor,institutional_holdings
SEC_13F,Anchor @ 65 Pte. Ltd.  (CIK 0001993962),,0001993962,13F-HR,2026-05-15,2026-05-15,https://www.sec.gov/Archives/edgar/data/1993962/000090514826002362/0000905148-26-002362-index.htm,,,,,,,,,,,,investor,institutional_holdings
SEC_13F,"DZ BANK AG Deutsche Zentral Genossenschafts Bank, Frankfurt am Main  (CIK 0001694217)",,0001694217,13F-HR/A,2026-05-04,2026-05-04,https://www.sec.gov/Archives/edgar/data/1694217/000090514826002047/0000905148-26-002047-index.htm,,,,,,,,,,,,investor,institutional_holdings
SEC_13F,"Karpus Management, Inc.  (CIK 0001048703)",,0001048703,13F-HR,2026-05-14,2026-05-14,https://www.sec.gov/Archives/edgar/data/1048703/000107261326000439/0001072613-26-000439-index.htm,,,,,,,,,,,,investor,institutional_holdings
SEC_13F,"DZ BANK AG Deutsche Zentral Genossenschafts Bank, Frankfurt am Main  (CIK 0001694217)",,0001694217,13F-HR/A,2026-05-04,2026-05-04,https://www.sec.gov/Archives/edgar/data/1694217/000090514826002023/0000905148-26-002023-index.htm,,,,,,,,,,,,investor,institutional_holdings
SEC_13F,"DZ BANK AG Deutsche Zentral Genossenschafts Bank, Frankfurt am Main  (CIK 0001694217)",,0001694217,13F-HR/A,2026-05-04,2026-05-04,https://www.sec.gov/Archives/edgar/data/1694217/000090514826002028/0000905148-26-002028-index.htm,,,,,,,,,,,,investor,institutional_holdings
SEC_13F,"Capital Analysts, LLC  (CIK 0001624758)",,0001624758,13F-HR/A,2026-05-15,2026-05-15,https://www.sec.gov/Archives/edgar/data/1624758/000162475826000009/0001624758-26-000009-index.htm,,,,,,,,,,,,investor,institutional_holdings
SEC_13F,CITY OF LONDON INVESTMENT MANAGEMENT CO LTD  (CIK 0001034546),,0001034546,13F-HR,2026-05-15,2026-05-15,https://www.sec.gov/Archives/edgar/data/1034546/000107261326000457/0001072613-26-000457-index.htm,,,,,,,,,,,,investor,institutional_holdings
SEC_13F,Causey Wealth LLC  (CIK 0002132639),,0002132639,13F-HR/A,2026-05-12,2026-05-12,https://www.sec.gov/Archives/edgar/data/2132639/000213263926000003/0002132639-26-000003-index.htm,,,,,,,,,,,,investor,institutional_holdings
SEC_13F,"Rithm Capital Corp.  (RITM, RITM-PA, RITM-PB, RITM-PC, RITM-PD, RITM-PE, RITM-PF)  (CIK 0001556593)",,0001556593,13F-HR,2026-05-15,2026-05-15,https://www.sec.gov/Archives/edgar/data/1556593/000090514826002351/0000905148-26-002351-index.htm,,,,,,,,,,,,investor,institutional_holdings
SEC_13F,"DZ BANK AG Deutsche Zentral Genossenschafts Bank, Frankfurt am Main  (CIK 0001694217)",,0001694217,13F-HR/A,2026-05-04,2026-05-04,https://www.sec.gov/Archives/edgar/data/1694217/000090514826002022/0000905148-26-002022-index.htm,,,,,,,,,,,,investor,institutional_holdings
SEC_13F,Man Group plc  (CIK 0001637460),,0001637460,13F-HR,2026-05-15,2026-05-15,https://www.sec.gov/Archives/edgar/data/1637460/000163746026000002/0001637460-26-000002-index.htm,,,,,,,,,,,,investor,institutional_holdings
SEC_13F,"DZ BANK AG Deutsche Zentral Genossenschafts Bank, Frankfurt am Main  (CIK 0001694217)",,0001694217,13F-HR/A,2026-05-04,2026-05-04,https://www.sec.gov/Archives/edgar/data/1694217/000090514826002032/0000905148-26-002032-index.htm,,,,,,,,,,,,investor,institutional_holdings
SEC_13F,"VANGUARD ASSET MANAGEMENT, Ltd  (CIK 0001680208)",,0001680208,13F-HR/A,2026-05-15,2026-05-15,https://www.sec.gov/Archives/edgar/data/1680208/000168020826000009/0001680208-26-000009-index.htm,,,,,,,,,,,,investor,institutional_holdings
SEC_13F,VANGUARD FIDUCIARY TRUST CO  (CIK 0000933478),,0000933478,13F-HR/A,2026-05-15,2026-05-15,https://www.sec.gov/Archives/edgar/data/933478/000093347826000008/0000933478-26-000008-index.htm,,,,,,,,,,,,investor,institutional_holdings
SEC_13F,Sculptor Capital LP  (CIK 0001054587),,0001054587,13F-HR,2026-05-15,2026-05-15,https://www.sec.gov/Archives/edgar/data/1054587/000119312526227275/0001193125-26-227275-index.htm,,,,,,,,,,,,investor,institutional_holdings
SEC_13F,"DZ BANK AG Deutsche Zentral Genossenschafts Bank, Frankfurt am Main  (CIK 0001694217)",,0001694217,13F-HR/A,2026-05-04,2026-05-04,https://www.sec.gov/Archives/edgar/data/1694217/000090514826002042/0000905148-26-002042-index.htm,,,,,,,,,,,,investor,institutional_holdings
SEC_13F,JOHO CAPITAL LLC  (CIK 0001106500),,0001106500,13F-HR,2026-05-15,2026-05-15,https://www.sec.gov/Archives/edgar/data/1106500/000117266126002083/0001172661-26-002083-index.htm,,,,,,,,,,,,investor,institutional_holdings
SEC_13F,"Baird Financial Group, Inc.  (CIK 0001648711)",,0001648711,13F-HR,2026-05-14,2026-05-14,https://www.sec.gov/Archives/edgar/data/1648711/000164871126000004/0001648711-26-000004-index.htm,,,,,,,,,,,,investor,institutional_holdings
SEC_13F,"DZ BANK AG Deutsche Zentral Genossenschafts Bank, Frankfurt am Main  (CIK 0001694217)",,0001694217,13F-HR/A,2026-05-04,2026-05-04,https://www.sec.gov/Archives/edgar/data/1694217/000090514826002026/0000905148-26-002026-index.htm,,,,,,,,,,,,investor,institutional_holdings
SEC_13F,"DZ BANK AG Deutsche Zentral Genossenschafts Bank, Frankfurt am Main  (CIK 0001694217)",,0001694217,13F-HR/A,2026-05-04,2026-05-04,https://www.sec.gov/Archives/edgar/data/1694217/000090514826002039/0000905148-26-002039-index.htm,,,,,,,,,,,,investor,institutional_holdings
SEC_13F,"DZ BANK AG Deutsche Zentral Genossenschafts Bank, Frankfurt am Main  (CIK 0001694217)",,0001694217,13F-HR/A,2026-05-04,2026-05-04,https://www.sec.gov/Archives/edgar/data/1694217/000090514826002055/0000905148-26-002055-index.htm,,,,,,,,,,,,investor,institutional_holdings
SEC_13F,Spyglass Capital Management LLC  (CIK 0001654344),,0001654344,13F-HR/A,2026-05-18,2026-05-18,https://www.sec.gov/Archives/edgar/data/1654344/000117266126002427/0001172661-26-002427-index.htm,,,,,,,,,,,,investor,institutional_holdings
SEC_13F,"Bain Capital Credit, LP  (CIK 0001317947)",,0001317947,13F-HR,2026-05-14,2026-05-14,https://www.sec.gov/Archives/edgar/data/1317947/000131794726000005/0001317947-26-000005-index.htm,,,,,,,,,,,,investor,institutional_holdings
SEC_13F,"Sofinnova Investments, Inc.  (CIK 0001631134)",,0001631134,13F-HR,2026-05-15,2026-05-15,https://www.sec.gov/Archives/edgar/data/1631134/000110465926062256/0001104659-26-062256-index.htm,,,,,,,,,,,,investor,institutional_holdings
SEC_13F,"Venrock Adviser, LLC  (CIK 0001615982)",,0001615982,13F-HR,2026-05-15,2026-05-15,https://www.sec.gov/Archives/edgar/data/1615982/000161598226000011/0001615982-26-000011-index.htm,,,,,,,,,,,,investor,institutional_holdings
