Investor Type,Description,What Motivates Them,What They Care About Most,Decision Drivers,Red Flags / Turnoffs,Ideal Messaging Approach,Example Outreach Angle,Notes / Next Steps,
Individual – Sport-Passionate,"High‑net‑worth person personally passionate about pickleball, tennis, or padel.",Connection to the sport; desire to be part of something exciting.,"Experience quality, credibility, community.",Leadership team; vision; social proof; personal excitement.,Too institutional; overly complex structure.,"Visual, emotional, lifestyle-first.","Ownership in a destination you’ll use, love, and be proud of.",,
Individual – Community-Driven,Civic-minded individual who cares about community improvement and youth sports.,Impact; giving back; local improvement; family legacy.,"Access, affordability, community benefit.",Economic development; youth programs; health outcomes.,Exclusivity; lack of public alignment.,Impact-first; community benefit narrative.,Swing strengthens communities and creates opportunities for all ages.,,
Individual – Experiential / Lifestyle,"Person drawn to hospitality, wellness, events, and destination-lifestyle concepts.","Being part of a unique, high-end experience platform.",Design; vibe; hospitality quality; brand.,Campus experience; activation ideas; aesthetic quality.,Operational disorder; unclear guest experience.,Show the sizzle; show the experience.,Swing is the next evolution of sport + social lifestyle.,,
Family Office – Single Family,Long-term capital with strong desire for multigenerational value.,"Legacy, stability, wellness alignment.",Predictable returns; community reputation; real estate strength.,De-risked capital stack; proven demand; governance.,High risk; unclear path to profitability.,Long-term anchor asset with civic value.,Swing is a generational-quality community asset.,,
Family Office – Multi Family,More institution-like with broader portfolio diversification.,Access to new sectors; thematic diversification.,"Metrics, scalability, IRR clarity.",Unit economics; expansion roadmap; leadership.,Unclear replication model.,Platformability + strong unit-level performance.,"A scalable, margin-strong, national platform in an exploding category.",,
Family Office – Mission Driven / Impact,"Capital aligned with wellness, youth, health, social impact.","Improving health, access, and community.","Economic impact, inclusivity, outcomes.","Programs, partnerships, health/wellness data.",Anything exclusivity-focused.,Impact-forward with measurable outcomes.,Swing enhances public health and youth development at scale.,,
PE – Growth Equity,Traditional growth funds seeking scalable platforms.,"Expansion potential, margin strength, brand.","Unit-level EBITDAR, COC returns, scalability.",Playbook replication; strong pipeline of markets.,Vision without execution detail.,"Metrics-first, growth-first.",A replicable platform with strong economics and national potential.,,
PE – Real Estate Focused,"Groups leaning toward RE value, ground leases, anchor destinations.",Physical asset value; long-term cash flow.,"Land, zoning, ground-lease economics.",Anchor-destination profile; multi-decade viability.,Unclear RE strategy.,Destination real estate + economic vitality engine.,Swing creates high-performance destination real estate.,,
PE – Thematic Sports/Wellness,"Funds investing in wellness, sport, experience sectors.",Category growth; thematic alignment.,Participation trends; TAM; demographic demand.,Pickleball/padel growth rates; event strategy.,Weak programming or weak brand identity.,Wave-of-growth narrative + operational proof.,"Swing sits at the intersection of wellness, sport, and entertainment.",,
Municipality – City Government,Local city entities seeking economic impact and wellness solutions.,"Tourism, economic development, health outcomes.","Room nights, jobs, inclusivity.",Events; economic modeling; public access.,Perception of exclusivity; unclear data.,"Civic-first, community-forward.",Swing is a community engine generating sustainable economic impact.,,
Municipality – County Government,"County boards funding tourism, youth sports, and recreation infrastructure.","High-volume economic impact, destination events.",Room nights; tourism revenue; regional benefit.,Event calendars; market reach; partnerships.,Narrow audience benefit.,Regional economic engine with multi-city benefits.,Swing is a regional tourism driver with year-round impact.,,
Municipality – Tourism Authorities ,Organizations responsible for tourism promotion and economic drivers.,"Events, visibility, national spotlight.",Room nights; major events; national branding.,Media potential; signature events; partnerships.,Weak event calendar.,"Event-first, tourism-first.",The Picklebowl + Swing campus becomes a national anchor event.,,
Debt Funds,,,,,,,,,
Venture Capital ist (VC),,,,,,,,,
