source,person_name,employer,occupation,city,state,date,node_type,relationship_type
FEC,"JAY, JEFFREY DR.",VENTURE CAPITAL,GREAT POINT,GREENWICH,CT,2026-03-31,person,employment
FEC,"PHILLIPS, ADAM",CAPITAL ADVISORY VENTURES,CEO,NEW YORK,NY,2026-03-31,person,employment
FEC,"REBECCA, SHANAHAN",SHANAHAN CAPITAL VENTURES LLC,BOARD MEMBER,WINTER PARK,FL,2026-03-30,person,employment
FEC,"MCCLURE, DAVE",PRACTICAL VENTURE CAPITAL,FOUNDER,LOS ALTOS,CA,2026-03-29,person,employment
FEC,"RICH, BRYAN",LEGACY CAPITAL VENTURES,EXECUTIVE,SHREWSBURY,MA,2026-03-27,person,employment
FEC,"FOSTER, LAUREN",XYZ VENTURE CAPITAL,CHIEF OF STAFF,SAN FRANCISCO,CA,2026-03-25,person,employment
FEC,"BUMPUS, PATRICK",IMPACT VENTURE CAPITAL,VC,EL DORADO HILLS,CA,2026-03-22,person,employment
FEC,"MENDU, RAGHUVEER",VENTUREAST CAPITAL,EXECUTIVE,ROLLING HILLS,CA,2026-03-22,person,employment
FEC,"THURNHER, ERIK",AQUITAINE VENTURE CAPITAL,"BUSINESS OWNER, FINANCIAL ADVISOR",NEWPORT BEACH,CA,2026-03-19,person,employment
FEC,"STAVIS, ROBERT",VENTURE CAPITAL,BESSEMER VENTURE PARTNERS,LARCHMONT,NY,2026-03-13,person,employment
FEC,"JADEJA, ASHA MS.",VENTURE CAPITAL,INVESTOR,PALO ALTO,CA,2026-03-05,person,employment
FEC,"SCHUTTE, ARJAN",CORE VENTURE CAPITAL,VENTURE CAPITAL,LOS ANGELES,CA,2026-03-05,person,employment
FEC,"BRIDGES, REBECCA",CYPRESS CAPITAL VENTURES,CHIEF MARKETING OFFICER,HOUSTON,TX,2026-02-25,person,employment
FEC,"GORDON, LANCE",CAPITALZEN VENTURES,SMALL BUSINESS OWNER,GUERNEVILLE,CA,2026-02-24,person,employment
FEC,"GUESS, MICHAEL",VENTURE LYNK CAPITAL,ANALYST,LAGUNA NIGUEL,CA,2026-02-24,person,employment
FEC,"QUINTILIAN, JOSEPH",VENTURE CAPITALISTS,SELF,WEST PALM BEACH,FL,2026-02-23,person,employment
FEC,"MARTIN, BRYAN",MAIN LINE CAPITAL VENTURES,OWNER/FOUNDER,FORT LAUDERDALE,FL,2026-02-14,person,employment
FEC,"BINKLEY, ALEX",THIRD KIND VENTURE CAPITAL,VENTURE CAPITAL,MONTCLAIR,NJ,2026-01-27,person,employment
FEC,"FUBINI, ROSS",XYZ VENTURE CAPITAL,INVESTOR,SAN FRANCISCO,CA,2026-01-26,person,employment
FEC,"O'CONNOR, KEVIN",SCOP VENTURE CAPITAL,FINANCE,MOUNTAIN VILLAGE,CO,2026-01-26,person,employment
FEC,"MEALLING, MICHAEL",STARBRIDGE VENTURE CAPITAL,INVESTOR,WASHINGTON,DC,2026-01-20,person,employment
FEC,"NARANJO, ROCIO",YEOR CAPITAL VENTURES,REALTOR,DELTONA,FL,2026-01-18,person,employment
FEC,"BERLINER, ART",WALDEN VENTURE CAPITAL,VENTURE CAPITALIST,BERKELEY,CA,2026-01-15,person,employment
FEC,"LUBAR, MARIANNE",LUBAR & COMPANY/VENTURE CAPITALIST,PRESIDENT,RIVER HILLS,WI,2026-01-14,person,employment
FEC,"DYER, LAURA",VENTURE CAPITAL,FINANCE,EL DORADO HILLS,CA,2026-01-13,person,employment
FEC,"KARAFA, LENORE",UA1 VENTURE CAPITAL,CO-FOUNDER,PARK CITY,UT,2026-01-06,person,employment
FEC,"SAWYER, KEN",SAINTS VENTURE CAPITAL,MANAGING DIRECTOR AND CO-FOUNDER,PARADISE VALLEY,AZ,2025-12-31,person,employment
FEC,"AHMADI, BITA","GLOBAL VENTURE CAPITAL,LLC",SELF EMPLOYED,MARIETTA,GA,2025-12-30,person,employment
FEC,"DUMES, JOEL",JD CAPITAL VENTURES LLC,OWNER,CINCINNATI,OH,2025-12-25,person,employment
FEC,"RICKETTS, CAMILLE",XYZ VENTURE CAPITAL,VENTURE CAPITAL,SAN FRANCISCO,CA,2025-12-24,person,employment
FEC,"BUMPUS, PAT",IMPACT VENTURE CAPITAL,MARKETING,EL DORADO HILLS,CA,2025-12-22,person,employment
FEC,"MILLER, LIZZY",VENTURE CAPITAL,ADMINISTRATIVE,SUNNYVALE,CA,2025-12-20,person,employment
FEC,"ENGEL, ELIZABETH",DUNDEE VENTURE CAPITAL,MANAGER,OMAHA,NE,2025-12-12,person,employment
FEC,"GOSTFRAND, HOWARD","AMERICAN CAPITAL VENTURES, INC.",CONSULTING,MIAMI,FL,2025-12-12,person,employment
FEC,"BLACKMAN, URI",VENTURE QUEST CAPITAL PARTNERS,FINANCE,CEDARHURST,NY,2025-12-10,person,employment
FEC,"WEED, JOSH",VETERAN VENTURES CAPITAL,GENERAL PARTNER,MCLEAN,VA,2025-12-02,person,employment
FEC,"KIRBY, AMANDA",PRIVATE EQUITY,EXECUTIVE ASSISTANT,HOUSTON,TX,2026-03-30,person,employment
FEC,"FRONTERHOUSE, JEFF",BRAZOS PRIVATE EQUITY PARTNERS,INVESTMENT PROFESSIONAL,DALLAS,TX,2026-03-29,person,employment
FEC,"DRYMAN, VIRGIL",PRIVATE EQUITY COMPANY TURNING AROUND,DIRECTOR OF MANUFACTURING AND ACQUISIT,GREENVILLE,SC,2026-03-16,person,employment
FEC,"SELVIA, DAVID",AMERICAN PRIVATE EQUITY FUND,PARTNER,TRURO,MA,2026-03-04,person,employment
FEC,"ROSENTHAL, BENNETT",PRIVATE EQUITY,ARES MANAGEMENT,LOS ANGELES,CA,2026-03-04,person,employment
FEC,"CECIL, SCOTT",CAYFUND PRIVATE EQUITY,FINANCE MANAGEMENT,TAMPA,FL,2026-02-25,person,employment
FEC,"MERIT, ASHLEY",PRIVATE EQUITY,OFFICE WORKER,SATELLITE BEACH,FL,2026-02-13,person,employment
FEC,"MASORY, RACHEL","GOLDEN GATE PRIVATE EQUITY, INC",ATTORNEY,DALLAS,TX,2026-02-07,person,employment
FEC,"REPPERT, ANNA",PRIVATE EQUITY,SELF-EMPLOYED,HOUSTON,TX,2026-02-04,person,employment
FEC,"WARD, KATHERINE",PRIVATE EQUITY,ASSOCIATE,ATLANTA,GA,2026-01-23,person,employment
FEC,"PARR, MATTHEW",PRIVATE EQUITY STAKEHOLDER PROJECT,COMMUNICATIONS COORDINATOR,CHICAGO,IL,2026-01-14,person,employment
FEC,"RICANATI, DAVID",ARES PRIVATE EQUITY,PARTNER,SANTA MONICA,CA,2026-01-07,person,employment
FEC,"HASPEL, DANIEL",GOLDEN GATE PRIVATE EQUITY,INVESTOR,NAPA,CA,2025-12-30,person,employment
FEC,"ALPERT, NORMAN",PRIVATE EQUITY INVESTING,VESTAR CAPITAL PARTNERS,NEW YORK,NY,2025-12-30,person,employment
FEC,"SWANSON, PAUL M.",HAUSER PRIVATE EQUITY,MANAGING PARTNER,CINCINNATI,OH,2025-12-20,person,employment
FEC,"SELINE, STEVE",WALNUT PRIVATE EQUITY,PRIVATE,OMAHA,NE,2025-12-10,person,employment
FEC,"WILSON, ZACHARY PAUL",PRIVATE EQUITY,DIRECTOR,DRAPER,UT,2025-12-02,person,employment
FEC,"PIERCE, DAVID",HQ CAPITAL PRIVATE EQUITY LLC,INVESTMENT MANAGEMENT,EUGENE,OR,2025-12-01,person,employment
FEC,"MOSSA-BASHA, KENAN",GIC PRIVATE EQUITY,INVESTMENT PROFESSIONAL,GREAT FALLS,VA,2025-11-30,person,employment
FEC,"MENDOZA, AMANDA",PRIVATE EQUITY STAKEHOLDER PROJECT,RESEARCHER,LONG BEACH,CA,2025-11-05,person,employment
FEC,"BURKE, GRETCHEN",PRIVATE EQUITY FIRM,EXECUTIVE ASSISTANT,NEW YORK,NY,2025-10-19,person,employment
FEC,"EMERSON, LANGSTON",PRIVATE EQUITY GROWTH CAPITAL COUNCIL,VICE PRESIDENT GOVERNMENT AFFAIRS,WASHINGTON,DC,2025-10-08,person,employment
FEC,"DYME, DANIELLE",PRIVATE EQUITY,CHIEF OF STAFF,CHICAGO,IL,2025-10-06,person,employment
FEC,"BURNS, ROY M.",GLOBAL GROWTH PRIVATE EQUITY,MANAGER,WEST NEWTON,MA,2025-09-26,person,employment
FEC,"EMERSON, LANGSTON C.",PRIVATE EQUITY GROWTH CAPITAL COUNCIL,VICE PRESIDENT OF GOVERNMENT AFFAIRS,WASHINGTON,DC,2025-09-18,person,employment
FEC,"WALSH, MEGHAN",PRIVATE EQUITY STAKEHOLDER PROJECT,FUNDRAISER,DORCHESTER,MA,2025-09-18,person,employment
FEC,"LOWENSTEIN, DOUGLAS",PRIVATE EQUITY COUNCIL,PRESIDENT,WASHINGTON,DC,2025-09-16,person,employment
FEC,"FINKELSCOLA, LYNN",PRIVATE EQUITY,EXECUTIVE,NEW YORK,NY,2025-08-27,person,employment
FEC,"KLEBERG, SCOTT M. MR.",PRIVATE EQUITY PARTNERS,PRESIDENT/PRINCIPAL,FORT WORTH,TX,2025-08-02,person,employment
FEC,"BUCK, JIM",TDH / PRIVATE EQUITY MANAGEMENT CO.,VENTURE CAPITAL,BRYN MAWR,PA,2025-07-23,person,employment
FEC,"GRENELL, RICHARD ALLEN",PRIVATE EQUITY,PRIVATE EQUITY,MANHATTAN BEACH,CA,2025-06-24,person,employment
FEC,"GRENELL, RICHARD",PRIVATE EQUITY,PRIVATE EQUITY,MANHATTAN BEACH,CA,2025-06-24,person,employment
FEC,"SELINE, STEVEN W. MR.",WALNUT PRIVATE EQUITY PARTNERS,PRESIDENT,OMAHA,NE,2025-06-23,person,employment
FEC,"WAX, BRYAN",BW ANGEL INVESTMENTS,PRESIDENT,SAN DIEGO,CA,2026-03-31,person,employment
FEC,"ISAAC, MARTY",ANGEL INVESTOR FORUM,ANGEL INVESTOR,TRUMBULL,CT,2026-03-16,person,employment
FEC,"CEPEDA, ADELA",ANGELS INVESTORS,FINANCE,CHICAGO,IL,2026-01-29,person,employment
FEC,"PSAROS, MICHAEL",KPS CAPITAL PARTNERS,EQUITY FUND MANAGER,NEW YORK,NY,2026-06-05,person,employment
FEC,"WEBER, P. A.",CORNER CAPITAL PARTNERS,MANAGING DIRECTOR,SANTA BARBARA,CA,2026-04-30,person,employment
FEC,"MULLIN, HARRISON",NAVIGATE CAPITAL PARTNERS,FINANCE,CINCINNATI,OH,2026-04-28,person,employment
FEC,"HARNETT, MATTHEW",TECUM CAPITAL PARTNERS,FINANCE,WEXFORD,PA,2026-04-24,person,employment
FEC,"SMITH, TYSON",TECUM CAPITAL PARTNERS,FINANCE,PITTSBURGH,PA,2026-04-23,person,employment
FEC,"HUELS, HOLLY",HOLLEWAY CAPITAL PARTNERS,FINANCE,ST. LOUIS,MO,2026-04-19,person,employment
FEC,"ORTHWEIN, PETER",SPRING CAPITAL PARTNERS,FINANCE,LUTHERVILLE,MD,2026-04-16,person,employment
FEC,"ABBASI, FARAZ",CENTERFIELD CAPITAL PARTNERS,FINANCE,INDIANAPOLIS,IN,2026-04-16,person,employment
FEC,"HOLLIS, MARK",CENTERFIELD CAPITAL PARTNERS,FINANCE,ZIONSVILLE,IN,2026-04-14,person,employment
FEC,"BUTTOLPH, DAVID",BROOKSIDE CAPITAL PARTNERS,FINANCE,STAMFORD,CT,2026-04-14,person,employment
FEC,"GURGOVITS, STEPHEN JR.",TECUM CAPITAL PARTNERS,FINANCE,WEXFORD,PA,2026-04-09,person,employment
FEC,"LABBAT, PETER",ENERGY CAPITAL PARTNERS,INVESTOR,BROOKLYN,NY,2026-03-31,person,employment
FEC,"HIMES, GARY",MERLIN CAPITAL PARTNERS,REAL ESTATE SPONSOR,BOULDER,CO,2026-03-31,person,employment
FEC,"SUNDHEIM, DANIEL MR.",D1 CAPITAL PARTNERS,FOUNDER AND CHIEF INVESTMENT OFFICER,MIAMI,FL,2026-03-31,person,employment
FEC,"BRODIE, STEFAN E",BRODIE GENERATIONAL CAPITAL PARTNERS,CEO,PHILADELPHIA,PA,2026-03-31,person,employment
FEC,"HACKMAN, MICHAEL",HACKMAN CAPITAL PARTNERS,CEO,LOS ANGELES,CA,2026-03-31,person,employment
FEC,"KLEINHEINZ, JOHN B",KLEINHEINZ CAPITAL PARTNERS,INVESTOR,FORT WORTH,TX,2026-03-31,person,employment
FEC,"BARTOK, JARED",AMPERSAND CAPITAL PARTNERS,FINANCIAL,SWAMPSCOTT,MA,2026-03-31,person,employment
FEC,"PASTORIZA, JIM",COMMUNICATIONS CAPITAL PARTNERS LLC,OWNER,CHEVY CHASE,MD,2026-03-31,person,employment
FEC,"HABER, ROBERT",PROFICIO CAPITAL PARTNERS,CIO,MIAMI,FL,2026-03-31,person,employment
FEC,"WELLS, MATTHEW",DALE CAPITAL PARTNERS,GENERAL COUNSEL,LITTLE ROCK,AR,2026-03-31,person,employment
FEC,"ISAAC, PAUL",ARBITER PARTNERS CAPITAL MANAGEMENT,ANALYST,LARCHMONT,NY,2026-03-31,person,employment
FEC,"HORVITZ, DAVID",SOUTHOCEAN CAPITAL PARTNERS,INVESTMENT MANAGER,FORT LAUDERDALE,FL,2026-03-31,person,employment
FEC,"OBRIEN, JOHN",TUNGSTEN CAPITAL PARTNERS,BUSINESS OWNER,CHAGRIN FALLS,OH,2026-03-31,person,employment
FEC,"MITTAG, ANDREW",ROCKLAND CAPITAL PARTNERS,INVESTOR,COLLEYVILLE,TX,2026-03-31,person,employment
FEC,"EMRICH, ANGELA",INDEPENDENCE CAPITAL PARTNERS LLC,ACCOUNTANT,WEST CHESTER,PA,2026-03-31,person,employment
FEC,"DYMENT, MICHAEL",NEXA CAPITAL PARTNERS LLC,INVESTMENT ADVISOR,WILLIAMSBURG,VA,2026-03-31,person,employment
FEC,"DEEGAN, ANNE",C-III CAPITAL PARTNERS,ACCOUNTANT,FRISCO,TX,2026-03-31,person,employment
FEC,"PRESTON, HENRY LEBARON",PRESTON GIULIANO CAPITAL PARTNERS,REAL ESTATE INVESTMENT AND MANAGEMENT,SARASOTA,FL,2026-03-31,person,employment
FEC,"SUPPLE, DAVID",CARRIGAIN CAPITAL PARTNERS,MANAGER,PALM BEACH,FL,2026-03-31,person,employment
FEC,"KLEVENS, JOSHUA A",CHARLESBANK CAPITAL PARTNERS,INVESTOR,NEWTON,MA,2026-03-31,person,employment
FEC,"ISAAC, PAUL J. MR.",ARBITER PARTNERS CAPITAL MGMT.,ANALYST,LARCHMONT,NY,2026-03-31,person,employment
FEC,"PRESTON, HENRY",PRESTON GIULIANO CAPITAL PARTNERS,REAL ESTATE INVESTMENT MANAGEMENT,SARASOTA,FL,2026-03-31,person,employment
FEC,"PRESUTTI, TIMOTHY",WOODY CREEK CAPITAL PARTNERS,FOUNDER,GREENWICH,CT,2026-03-31,person,employment
FEC,"BANKS, GEORGE",PRIDEROCK CAPITAL PARTNERS,INVESTOR,HOBE SOUND,FL,2026-03-31,person,employment
FEC,"SHIMER, SAM",SLC CAPITAL PARTNERS,FUND MANAGER,SAINT PETERSBURG,FL,2026-03-30,person,employment
FEC,"STADLER, BRADFORD","TRUE CAPITAL PARTNERS, LLC",CEO,HADDONFIELD,NJ,2026-03-30,person,employment
FEC,"RENNO, CHRIS",JACS CAPITAL PARTNERS,INVESTOR,ASHEVILLE,NC,2026-03-30,person,employment
FEC,"REEDER, TYLER",ENERGY CAPITAL PARTNERS,CIO,SUMMIT,NJ,2026-03-30,person,employment
FEC,"PASQUARELLA, ARTHUR P. MR.",EQUUS CAPITAL PARTNERS,EXEC. V.P.,BLUE BELL,PA,2026-03-30,person,employment
FEC,"ORSER, STEVE",PLUS CAPITAL PARTNERS,REAL ESTATE,SEATTLE,WA,2026-03-30,person,employment
FEC,"GUINIVAN, KYLE",NONANTUM CAPITAL PARTNERS,PRIVATE EQUITY,NEWTON,MA,2026-03-30,person,employment
FEC,"NULL, BILL",TJM CAPITAL PARTNERS,OPERATING PARTNER,BAYFIELD,WI,2026-03-30,person,employment
FEC,"MARLEY, JULIANNE",BLUE POINT CAPITAL PARTNERS LLC,INVESTOR,CHARLOTTE,NC,2026-03-30,person,employment
FEC,"RIGHEIMER, JAMES",ARBOR CAPITAL PARTNERS,CEO,NEWPORT BEACH,CA,2026-03-30,person,employment
FEC,"SHAPIRO, ABBY",KPS CAPITAL PARTNERS,INVESTOR,NEW YORK,NY,2026-03-30,person,employment
FEC,"PARK, RICHARD",ASCEND CAPITAL PARTNERS,FINANCE,OLD WESTBURY,NY,2026-03-29,person,employment
FEC,"PASTORIZA, JAMES",COMMUNICATIONS CAPITAL PARTNERS LLC,OWNER,BETHESDA,MD,2026-03-29,person,employment
FEC,"SEIGEL, FRED",BEACON CAPITAL PARTNERS,INVESTMENT,NORTH HAMPTON,NH,2026-03-29,person,employment
FEC,"EMRICH, ANGELA L.",INDEPENDENCE CAPITAL PARTNERS LLC,ACCOUNTANT,WEST CHESTER,PA,2026-03-29,person,employment
FEC,"ROWE, BENJAMIN",KHP CAPITAL PARTNERS,MANAGING PARTNER,KENTFIELD,CA,2026-03-29,person,employment
FEC,"MCGREW, ERIC",REALVEST CAPITAL PARTNERS,REAL ESTATE DEVELOPMENT FOR THE HOMELE,CAPITOLA,CA,2026-03-29,person,employment
FEC,"BARRY, HENRY",PRESTON GIULIANO CAPITAL PARTNERS,REAL ESTATE OWNERSHIP AND MANAGEMENT,SARASOTA,FL,2026-03-29,person,employment
FEC,"GOLDSTEIN, JEFF",BOSTON CAPITAL REAL ESTATE PARTNERS,REAL ESTATE,BOSTON,MA,2026-03-29,person,employment
FEC,"STULMAKER, JEFF",KHP CAPITAL PARTNERS,PARTNER,SAN FRANCISCO,CA,2026-03-28,person,employment
FEC,"BRODIE, STEFAN","BRODIE CAPITAL PARTNERS, LLC",CEO,MIAMI BEACH,FL,2026-03-28,person,employment
FEC,"RODGERS, KENNY",LOW INCOME INVESTMENT FUND,LENDER,PALM DESERT,CA,2026-03-31,person,employment
FEC,"NORMAN, SHAYLA",PLAINTIFF INVESTMENT FUNDING,COO,SOUTHFIELD,MI,2026-03-15,person,employment
FEC,"NISSENBAUM, DANIEL",LOW INCOME INVESTMENT FUND,FINANCE,NEW YORK,NY,2026-03-13,person,employment
FEC,"GONZALEZ LOPEZ, JORGE L",ADRENALINE INVESTMENT FUND LLC,MANAGER,SAN JUAN,PR,2026-03-12,person,employment
FEC,"MACDONALD-LOCH, KATHLEEN",FUNDCO INVESTMENTS INC,EXECUTIVE ASST,ORANGE,CA,2026-03-06,person,employment
FEC,"HARWITZ, JONATHAN",LOW INCOME INVESTMENT FUND,ATTORNEY,SILVER SPRING,MD,2026-03-05,person,employment
FEC,"ESTELLE, JOE",OAK CLIFF COMMUNITY INVESTMENT FUND,REAL ESTATE DEVELOPER,DALLAS,TX,2026-03-03,person,employment
FEC,"QUINN, TOM",WNY IMPACT INVESTMENT FUND,CEO,ORCHARD PARK,NY,2026-02-24,person,employment
FEC,"SHEFLER, MATTHEW",INVESTMENT STRATEGIES FUND MANAGEMENT,INVESTOR,NEW YORK,NY,2026-02-10,person,employment
FEC,"LEWIS, HARRY",INVESTMENT FUND,CEO,NEW YORK,NY,2026-01-18,person,employment
FEC,"RONZETTI, DUKE",SUNSHINE INVESTMENT FUNDING,POLITICAL RESEARCHER,THE VILLAGES,FL,2025-12-28,person,employment
FEC,"FREEDBERG, JOHN",LOW INCOME INVESTMENT FUND,ACCOUNTANT,BROOKLYN,NY,2025-12-12,person,employment
FEC,"WOLFE, JULIE",MUTUAL CAPITAL INVESTMENT FUND,SPOUSE,CLEVELAND,OH,2025-12-03,person,employment
FEC,"ROBINSON, JOYCE",LOW INCOME INVESTMENT FUND,EDUCATOR,PASADENA,CA,2025-11-27,person,employment
FEC,"HOFFMAN, ROBERT",GLOBAL FUND INVESTMENTS,REAL ESTATE INVESTOR,MIAMI BEACH,FL,2025-11-23,person,employment
FEC,"NARAIN, SAURABH",NATIONAL COMMUNITY INVESTMENT FUND,SERVICE,CHICAGO,IL,2025-11-08,person,employment
FEC,"MANDEL, HARLAN",MEDIA DEVELOPMENT INVESTMENT FUND,NON-PROFIT MANAGER,NEW YORK,NY,2025-10-28,person,employment
FEC,"MACDOUGAL, GARY E.",ADV. DIR. INVESTMENT FUND,"FOUNDATION LEADER, SPEAKER, WRITER",CHICAGO,IL,2025-10-15,person,employment
FEC,"DRAKE, JEFF","MISSION INVESTMENT FUND, ELCA",MARKETING,NORRIDGE,IL,2025-10-11,person,employment
FEC,"HOFFMAN, SHANNON",GES COMMUNITY INVESTMENT FUND,PROJECT MANAGER,DENVER,CO,2025-10-05,person,employment
FEC,"WOLFE, JASON",MUTUAL CAPITAL INVESTMENT FUND,PRESIDENT & CHIEF EXECUTIVE OFFICER,CLEVELAND,OH,2025-09-30,person,employment
FEC,"SHANTZ, KENT B.",MUTUAL CAPITOL INVESTMENT FUND,SENIOR MANAGEMENT CONSULTANT,ROCKFORD,IL,2025-09-30,person,employment
FEC,"WOODS, CHRIS",TERRAPIN INVESTMENT FUND 1 LLC,MANAGER/MAJORITY OWNER,BOULDER,CO,2025-09-30,person,employment
FEC,"MASUR, SHELLY",LOW INCOME INVESTMENT FUND,VP,OLYMPIC VALLEY,CA,2025-09-05,person,employment
FEC,"DARDICK, JOSHUA",CERBERUS CAPITAL MANAGEMENT,PRIVATE EQUITY,NEW YORK,NY,2026-03-31,person,employment
FEC,"ROSSMANN, GREGORY",GJR CAPITAL MANAGEMENT,SENIOR MANAGING DIRECTOR,SAN FRANCISCO,CA,2026-03-31,person,employment
FEC,"HOCKER, RICHARD A MR","PENN CAPITAL MANAGEMENT CO, INC.",CEO,STUART,FL,2026-03-31,person,employment
FEC,"MCGEARY, JESSICA",MERGANSER CAPITAL MANAGEMENT,NETWORK OPERATIONS MANAGER,WINTHROP,MA,2026-03-31,person,employment
FEC,"DUGGER III, EDWARD",REINVENTURE CAPITAL MANAGEMENT,PRESIDENT,JAMAICA PLAIN,MA,2026-03-31,person,employment
FEC,"CLARKE, ROBYN",TOWNELEY CAPITAL MANAGEMENT,FINANCIAL PLANNET,RANCHO SANTA MARGA,CA,2026-03-31,person,employment
FEC,"DUGGER, EDWARD III",REINVENTURE CAPITAL MANAGEMENT,PRESIDENT,JAMAICA PLAIN,MA,2026-03-31,person,employment
FEC,"TURNAGE, BENJAMIN",JAMAS CAPITAL MANAGEMENT,MANAGER,JACKSON,MS,2026-03-31,person,employment
FEC,"WINKLEVOSS, TYLER",WINKLEVOSS CAPITAL MANAGEMENT,FOUNDER,NEW YORK,NY,2026-03-31,person,employment
FEC,"WINKLEVOSS, CAMERON",WINKLEVOSS CAPITAL MANAGEMENT,FOUNDER,NEW YORK,NY,2026-03-31,person,employment
FEC,"RENCH, JORDAN",RELEVANCE CAPITAL MANAGEMENT,FINANCIAL ADVISOR,DALLAS,TX,2026-03-31,person,employment
FEC,"WINKLEVOSS, TYLER MR.",WINKLEVOSS CAPITAL MANAGEMENT,FOUNDER,NEW YORK,NY,2026-03-31,person,employment
FEC,"WINKLEVOSS, CAMERON MR.",WINKLEVOSS CAPITAL MANAGEMENT,FOUNDER,NEW YORK,NY,2026-03-31,person,employment
FEC,"WILKS, WHIT",NOVARE CAPITAL MANAGEMENT,WEALTH MANAGER,CHARLOTTE,NC,2026-03-30,person,employment
FEC,"ULEVITCH, DAVID",AH CAPITAL MANAGEMENT LLC,INVESTOR,SANFORD,NC,2026-03-30,person,employment
FEC,"TUBBESING, RYAN",MALTESE CAPITAL MANAGEMENT,FINANCIAL ANALYST,NEW YORK,NY,2026-03-30,person,employment
FEC,"SWIFT, STEPHEN","BLUE WATER CAPITAL MANAGEMENT, LLC",PARTNER,SYRACUSE,NY,2026-03-30,person,employment
FEC,"SHAPIRO, JOHN",CHIEFTAIN CAPITAL MANAGEMENT,INVESTMENTS,NEW YORK,NY,2026-03-30,person,employment
FEC,"PATTON, TANYA",MILAN CAPITAL MANAGEMENT,REAL ESTATE,LA HABRA,CA,2026-03-30,person,employment
FEC,"O'REILLY, JOSEPH",MUTUAL OF AMERICA CAPITAL MANAGEMENT L,VP MARKETING,SHARON,MA,2026-03-30,person,employment
FEC,"CHAN, RAYMOND",ATALAYA CAPITAL MANAGEMENT LP,INVESTMENT MANAGEMENT,NEW YORK,NY,2026-03-30,person,employment
FEC,"BATES, JEFFREY",FERMAT CAPITAL MANAGEMENT,COO,WILTON,CT,2026-03-30,person,employment
FEC,"BARLOW, MERRILL",GREENSLEDGE CAPITAL MANAGEMENT,MANAGING DIRECTOR,ATLANTIC HIGHLANDS,NJ,2026-03-30,person,employment
FEC,"KRVARIC, TONY",KRVARIC CAPITAL RISK MANAGEMENT,"PRESIDENT, WEALTH MANAGER",SAN DIEGO,CA,2026-03-30,person,employment
FEC,"NICHOLS, JAMES",EMMAUS CAPITAL MANAGEMENT,REAL ESTATE,LAGUNA NIGUEL,CA,2026-03-30,person,employment
FEC,"HEEBNER, GEORGE",CAPITAL GREAT MANAGEMENT,PORTFOLIO MANAGER,BOSTON,MA,2026-03-30,person,employment
FEC,"VICKERS, ROBERT",CAPITAL ADVISORS WEALTH MANAGEMENT,FINANCIAL PLANNER,YAKIMA,WA,2026-03-29,person,employment
FEC,"OBLER KAUFMAN, NANCY L",AMERICAN CAPITAL MANAGEMENT,ASSET MANAGEMENT,NEW YORK,NY,2026-03-29,person,employment
FEC,"WILSON, PAMELA",CAPITAL MANAGEMENT SERVICES,COLLECTIONS,GETZVILLLE,NY,2026-03-29,person,employment
FEC,"SMARTT, STEPHEN",SMARTT CAPITAL MANAGEMENT,REAL ESTATE,NEW YORK,NY,2026-03-29,person,employment
FEC,"DEMOND, JEFF","ARCHTOP CAPITAL MANAGEMENT, LLC",EXECUTIVE,STUART,FL,2026-03-29,person,employment
FEC,"ULM, SCOTT",ARMOUR CAPITAL MANAGEMENT,EXECUTIVE,VERO BEACH,FL,2026-03-28,person,employment
FEC,"SMITH, JORDAN",SUMMITTX CAPITAL MANAGEMENT LP,FINANCIAL SERVICES,ALEDO,TX,2026-03-28,person,employment
FEC,"FLAMER, CECIL",BROWN CAPITAL MANAGEMENT,EXECUTIVE,BALTIMORE,MD,2026-03-28,person,employment
FEC,"DIMICK, PATRICK",AVOS CAPITAL MANAGEMENT,FINANCIAL ADVISOR,SCARBOROUGH,ME,2026-03-28,person,employment
FEC,"DUPREE, BERN",VISTA CAPITAL MANAGEMENT,REAL ESTATE,GREENVILLE,SC,2026-03-28,person,employment
FEC,"BRASHEAR, THOMAS",PRESTON CAPITAL MANAGEMENT,FINANCIAL SERVICES,DALLAS,TX,2026-03-28,person,employment
FEC,"SOROS, ROBERT",SOROS CAPITAL MANAGEMENT LLC,CIO,NEW YORK,NY,2026-03-27,person,employment
FEC,"OBLER KAUFMAN, NANCY LYNN",AMERICA CAPITAL MANAGEMENT,ASSET MANAGEMENT PROFESSIONAL,NEW YORK,NY,2026-03-27,person,employment
FEC,"GLYNN, BARBARA",GLYNN CAPITAL MANAGEMENT,COMMUNITY VOLUNTEER,ATHERTON,CA,2026-03-27,person,employment
FEC,"GARCIA, JAMES",VJ CAPITAL MANAGEMENT,PROPERTY MANAGER,EL PASO,TX,2026-03-27,person,employment
FEC,"FORMAN, MARK",MAF CAPITAL MANAGEMENT LLC,FINANCE,DALLAS,TX,2026-03-27,person,employment
FEC,"HALSTED, JOHN","PAMPLONA CAPITAL MANAGEMENT, LLC","PRESIDENT, CHIEF INVESTMENT OFFICER.",WILSON,WY,2026-03-27,person,employment
FEC,"SANTANA, MARISSA",CAPITAL MANAGEMENT LLC,STAFF ACCOUNTANT,MIAMI,FL,2026-03-26,person,employment
FEC,"EISELT, DAVID",GAVIT CAPITAL MANAGEMENT,INVESTOR,TEANECK,NJ,2026-03-26,person,employment
FEC,"ABRAMSON, JONATHAN","AVIATOR CAPITAL MANAGEMENT, LLC",ATTORNEY,PLANTATION,FL,2026-03-26,person,employment
FEC,"LIN, HELENA",KA CAPITAL MANAGEMENT,MANAGING DIRECTOR,IRVINE,CA,2026-03-25,person,employment
FEC,"MCHUGH, MICHAEL",LAKESIDE CAPITAL MANAGEMENT,FINANCE,MENDOTA HEIGHTS,MN,2026-03-25,person,employment
FEC,"KAY, ELIM",KA CAPITAL MANAGEMENT,MANAGING DIRECTOR,IRVINE,CA,2026-03-25,person,employment
FEC,"LAMPMAN, DOUGLAS","RVESTA CAPITAL MANAGEMENT, INC.",RE BROKER,STAR,ID,2026-03-25,person,employment
FEC,"BALLEM, DIANE",HALL CAPITAL MANAGEMENT,VICE PRESIDENT,BARRINGTON,RI,2026-03-25,person,employment
FEC,"BLOOMSTONE, BEN",CROSS SHORT CAPITAL MANAGEMENT,FUND MANAGER,WEST NEWTON,MA,2026-03-25,person,employment
FEC,"EPSTEIN, JIM",EFO CAPITAL MANAGEMENT,INVESTMENT MANAGEMENT,WASHINGTON,DC,2026-03-24,person,employment
FEC,"BALDINO, ANTHONY",PAPPY CAPITAL MANAGEMENT,FOUNDER,SAN FRANCISCO,CA,2026-03-24,person,employment
FEC,"DONDERO, JAMES D. MR.",HIGHLAND CAPITAL MANAGEMENT,CO-FOUNDER,DALLAS,TX,2026-03-24,person,employment
FEC,"DOERR, L. JOHN",KLEINER PERKINS,VENTURE CAPITALIST,SAN CARLOS,CA,2026-04-25,person,employment
FEC,"SCHMIDT, JOSEPH",ANDREESSEN HOROWITZ,VENTURE CAPITALIST,SAN FRANCISCO,CA,2026-03-31,person,employment
FEC,"GOODMAN, COREY",VENBIO LLC,VENTURE CAPITALIST/SCIENTIST,MARSHALL,CA,2026-03-31,person,employment
FEC,"FORMELA, JEAN-FRANCOIS",ATLAS VENTURE,VENTURE CAPITALIST,BOSTON,MA,2026-03-31,person,employment
FEC,"EXTER, NEIL",THIRD ROCK VENTURES,VENTURE CAPITALIST,PALM BEACH GARDENS,FL,2026-03-31,person,employment
FEC,"HANAUER, NICOLAS",SECOND AVENUE PARTNERS,VENTURE CAPITALIST,SEATTLE,WA,2026-03-31,person,employment
FEC,"SANDELL, SCOTT",NEA,VENTURE CAPITALIST,PALM BEACH,FL,2026-03-31,person,employment
FEC,"ILTCHEV, VELISLAV",AUGUST CAPITAL,VENTURE CAPITALIST,SAN FRANCISCO,CA,2026-03-31,person,employment
FEC,"GOLDMAN, AMIR",SUSQUEHANNA INTERNATIONAL GROUP,VENTURE CAPITALIST,MERION STATION,PA,2026-03-31,person,employment
FEC,"GILBERT, WALTER",BIOVENTURES INVESTORS,VENTURE CAPITALIST,CAMBRIDGE,MA,2026-03-31,person,employment
FEC,"FRIEDMAN, JOHN",EASTON CAPITAL INVESTMENT GROUP,VENTURE CAPITALIST,NEW YORK,NY,2026-03-31,person,employment
FEC,"CARUSI, MIKE",LIGHTSTONE VENTURES,VENTURE CAPITALIST,PALO ALTO,CA,2026-03-31,person,employment
FEC,"SANDELL, SCOTT D.",NEW ENTERPRISE ASSOCIATES,VENTURE CAPITALIST,PALM BEACH,FL,2026-03-31,person,employment
FEC,"LIEW, JEREMY",SELF EMPLOYED,VENTURE CAPITALIST,SAN FRANCISCO,CA,2026-03-31,person,employment
FEC,"DOLL, ALEX",TEN ELEVEN,VENTURE CAPITALIST,ORLANDO,FL,2026-03-31,person,employment
FEC,"DEETER, BYRON",BESSEMER VENTURE PARTNERS,VENTURE CAPITALIST,ATHERTON,CA,2026-03-31,person,employment
FEC,"GOODMAN, ROBERT PAUL",DEER MANAGEMENT CO LLC,VENTURE  CAPITALIST,RYE,NY,2026-03-31,person,employment
FEC,"DONOHUE, LIAM",406 VENTURES,VENTURE CAPITALIST,BOSTON,MA,2026-03-30,person,employment
FEC,"DREW, JOHN",TCV,VENTURE CAPITALIST,MENLO PARK,CA,2026-03-30,person,employment
FEC,"ZAIM, LAURA",NEW CROP CAPITAL,VENTURE CAPITALIST,POTOMAC,MD,2026-03-30,person,employment
FEC,"WESTLY, STEVE",WESTLY GROUP,VENTURE CAPITALIST,MENLO PARK,CA,2026-03-30,person,employment
FEC,"HWANG, NATALIE",APEIRA CAPITAL,VENTURE CAPITALIST,NEW YORK,NY,2026-03-30,person,employment
FEC,"SZE, DAVID",GREYLOCK,VENTURE CAPITALIST,HILLSBOROUGH,CA,2026-03-30,person,employment
FEC,"AHMED, OMAIR",ECHO HEALTH VENTURES,VENTURE CAPITALIST,BROOKLYN,NY,2026-03-29,person,employment
FEC,"DALAL, NEMIL",Y COMBINATOR,VENTURE CAPITALIST,SAN FRANCISCO,CA,2026-03-28,person,employment
FEC,"PAVEY, ROBERT",PAVEY FAMILY INVESTMENTS,VENTURE CAPITALIST,CLEVELAND,OH,2026-03-26,person,employment
FEC,"WARREN, MARK",SELF EMPLOYED,VENTURE CAPITALIST,NICHOLASVILLE,KY,2026-03-26,person,employment
FEC,"ALSOP, JOSEPH",ALSOP LOUIE PARTNERS,VENTURE CAPITALIST,BEVERLY,MA,2026-03-25,person,employment
FEC,"GOODMAN, ROBERT","DEER MANAGEMENT CO, LLC",VENTURE CAPITALIST,RYE,NY,2026-03-24,person,employment
FEC,"SAMPSON, RODNEY",OHUB,VENTURE CAPITALIST,ATLANTA,GA,2026-03-24,person,employment
FEC,"KHOSLA, VINOD",KHOSLA VENTURES LLC,VENTURE CAPITALIST,PORTOLA VALLEY,CA,2026-03-23,person,employment
FEC,"BYERS, BROOK",KLEINER PERKINS CAUFIELD & BYERS,VENTURE CAPITALIST,MENLO PARK,CA,2026-03-22,person,employment
FEC,"FITZ, KAROLINE",SELF EMPLOYED,VENTURE CAPITALIST,BEVERLY HILLS,CA,2026-03-22,person,employment
FEC,"DAVIS, KATHERINE",ASCENSION VENTURES,VENTURE CAPITALIST,SAINT LOUIS PARK,MN,2026-03-22,person,employment
FEC,"KRAUS, ELIZABETH",MERGELANE,VENTURE CAPITALIST,HELENA,MT,2026-03-21,person,employment
FEC,"GAITHER, JAMES",SUTTER HILL VENTURES,VENTURE CAPITALIST,PALO ALTO,CA,2026-03-20,person,employment
FEC,"THORP, CLAY",HATTERAS VENTURE MANAGEMENT,VENTURE CAPITALIST,CHAPEL HILL,NC,2026-03-18,person,employment
FEC,"GAITHER, JAMES C.",SUTTER HILL VENTURES,VENTURE CAPITALIST,PALO ALTO,CA,2026-03-17,person,employment
FEC,"BALL, BENJAMIN",ALTIMETER,VENTURE CAPITALIST PARTNER,MENLO PARK,CA,2026-03-16,person,employment
