source,entity_name,crd_number,entity_type,firm_name,branch_city,branch_state,disclosure_count,registration_status,link,node_type,relationship_type
FINRA_BROKERCHECK,FF VENTURE CAPITAL,,firm,FF VENTURE CAPITAL,,,0,,,firm,broker_dealer
FINRA_BROKERCHECK,A.CAPITAL VENTURES,,firm,A.CAPITAL VENTURES,,,0,,,firm,broker_dealer
FINRA_BROKERCHECK,RUN VENTURES,,firm,RUN VENTURES,,,0,,,firm,broker_dealer
FINRA_BROKERCHECK,TCP VENTURE CAPITAL,,firm,TCP VENTURE CAPITAL,,,0,,,firm,broker_dealer
FINRA_BROKERCHECK,XYZ VENTURE CAPITAL,,firm,XYZ VENTURE CAPITAL,,,0,,,firm,broker_dealer
FINRA_BROKERCHECK,MAC VENTURE CAPITAL,,firm,MAC VENTURE CAPITAL,,,0,,,firm,broker_dealer
FINRA_BROKERCHECK,BLANK VENTURES,,firm,BLANK VENTURES,,,0,,,firm,broker_dealer
FINRA_BROKERCHECK,GIZA VENTURE CAPITAL,,firm,GIZA VENTURE CAPITAL,,,0,,,firm,broker_dealer
FINRA_BROKERCHECK,CORE VENTURE CAPITAL,,firm,CORE VENTURE CAPITAL,,,0,,,firm,broker_dealer
FINRA_BROKERCHECK,MMM CAPITAL VENTURES,,firm,MMM CAPITAL VENTURES,,,0,,,firm,broker_dealer
FINRA_BROKERCHECK,B37 VENTURES,,firm,B37 VENTURES,,,0,,,firm,broker_dealer
FINRA_BROKERCHECK,FORTE VENTURES,,firm,FORTE VENTURES,,,0,,,firm,broker_dealer
FINRA_BROKERCHECK,OKAPI VENTURE CAPITAL,,firm,OKAPI VENTURE CAPITAL,,,0,,,firm,broker_dealer
FINRA_BROKERCHECK,LUMIRA VENTURES,,firm,LUMIRA VENTURES,,,0,,,firm,broker_dealer
FINRA_BROKERCHECK,DALLAS VENTURE CAPITAL,,firm,DALLAS VENTURE CAPITAL,,,0,,,firm,broker_dealer
FINRA_BROKERCHECK,DYNAMO VENTURE CAPITAL,,firm,DYNAMO VENTURE CAPITAL,,,0,,,firm,broker_dealer
FINRA_BROKERCHECK,"E12 VENTURE CAPITAL, LLC",,firm,"E12 VENTURE CAPITAL, LLC",,,0,,,firm,broker_dealer
FINRA_BROKERCHECK,"CRE VENTURE CAPITAL, INC.",,firm,"CRE VENTURE CAPITAL, INC.",,,0,,,firm,broker_dealer
FINRA_BROKERCHECK,"7BC VENTURE CAPITAL, LLC",,firm,"7BC VENTURE CAPITAL, LLC",,,0,,,firm,broker_dealer
FINRA_BROKERCHECK,WHAT IF VENTURES,,firm,WHAT IF VENTURES,,,0,,,firm,broker_dealer
FINRA_BROKERCHECK,PARADOX VENTURE CAPITAL,,firm,PARADOX VENTURE CAPITAL,,,0,,,firm,broker_dealer
FINRA_BROKERCHECK,PITANGO VENTURE CAPITAL,,firm,PITANGO VENTURE CAPITAL,,,0,,,firm,broker_dealer
FINRA_BROKERCHECK,"OPEN VENTURE CAPITAL, LLC",,firm,"OPEN VENTURE CAPITAL, LLC",,,0,,,firm,broker_dealer
FINRA_BROKERCHECK,"GOEX VENTURE CAPITAL, LLC",,firm,"GOEX VENTURE CAPITAL, LLC",,,0,,,firm,broker_dealer
FINRA_BROKERCHECK,LAS OLAS VENTURE CAPITAL,,firm,LAS OLAS VENTURE CAPITAL,,,0,,,firm,broker_dealer
FINRA_BROKERCHECK,"EVIO VENTURE CAPITAL, LLC",,firm,"EVIO VENTURE CAPITAL, LLC",,,0,,,firm,broker_dealer
FINRA_BROKERCHECK,"BAIN CAPITAL VENTURES, LP",,firm,"BAIN CAPITAL VENTURES, LP",,,0,,,firm,broker_dealer
FINRA_BROKERCHECK,"VENTUREAIDE CAPITAL, LLC",,firm,"VENTUREAIDE CAPITAL, LLC",,,0,,,firm,broker_dealer
FINRA_BROKERCHECK,"ADD VENTURES CAPITAL, LLC",,firm,"ADD VENTURES CAPITAL, LLC",,,0,,,firm,broker_dealer
FINRA_BROKERCHECK,"EGB CAPITAL VENTURES, LLC",,firm,"EGB CAPITAL VENTURES, LLC",,,0,,,firm,broker_dealer
FINRA_BROKERCHECK,BEYOND CAPITAL VENTURES,,firm,BEYOND CAPITAL VENTURES,,,0,,,firm,broker_dealer
FINRA_BROKERCHECK,VESEY VENTURES LP,,firm,VESEY VENTURES LP,,,0,,,firm,broker_dealer
FINRA_BROKERCHECK,VISIBLE VENTURES,,firm,VISIBLE VENTURES,,,0,,,firm,broker_dealer
FINRA_BROKERCHECK,COSTANOA VENTURES,,firm,COSTANOA VENTURES,,,0,,,firm,broker_dealer
FINRA_BROKERCHECK,ACCESS VENTURES,,firm,ACCESS VENTURES,,,0,,,firm,broker_dealer
FINRA_BROKERCHECK,"SPICE VENTURE CAPITAL, LLC",,firm,"SPICE VENTURE CAPITAL, LLC",,,0,,,firm,broker_dealer
FINRA_BROKERCHECK,"ZETTA VENTURE CAPITAL, LLC",,firm,"ZETTA VENTURE CAPITAL, LLC",,,0,,,firm,broker_dealer
FINRA_BROKERCHECK,STAGEONE VENTURES,,firm,STAGEONE VENTURES,,,0,,,firm,broker_dealer
FINRA_BROKERCHECK,PAPPAS VENTURES,,firm,PAPPAS VENTURES,,,0,,,firm,broker_dealer
FINRA_BROKERCHECK,"BETA.VENTURES CAPITAL, LLC",,firm,"BETA.VENTURES CAPITAL, LLC",,,0,,,firm,broker_dealer
FINRA_BROKERCHECK,SALAZAR CAPITAL VENTURES,,firm,SALAZAR CAPITAL VENTURES,,,0,,,firm,broker_dealer
FINRA_BROKERCHECK,VERTEX VENTURES,,firm,VERTEX VENTURES,,,0,,,firm,broker_dealer
FINRA_BROKERCHECK,DC GLOBAL VENTURES,,firm,DC GLOBAL VENTURES,,,0,,,firm,broker_dealer
FINRA_BROKERCHECK,CHRYSALIX VENTURE CAPITAL,,firm,CHRYSALIX VENTURE CAPITAL,,,0,,,firm,broker_dealer
FINRA_BROKERCHECK,"ASCEND VENTURE CAPITAL, LLC",,firm,"ASCEND VENTURE CAPITAL, LLC",,,0,,,firm,broker_dealer
FINRA_BROKERCHECK,"KUBERA VENTURE CAPITAL, LLC",,firm,"KUBERA VENTURE CAPITAL, LLC",,,0,,,firm,broker_dealer
FINRA_BROKERCHECK,RIPPLE VENTURE CAPITAL LLC,,firm,RIPPLE VENTURE CAPITAL LLC,,,0,,,firm,broker_dealer
FINRA_BROKERCHECK,THIRD KIND VENTURE CAPITAL,,firm,THIRD KIND VENTURE CAPITAL,,,0,,,firm,broker_dealer
FINRA_BROKERCHECK,TRITON VENTURE CAPITAL LLC,,firm,TRITON VENTURE CAPITAL LLC,,,0,,,firm,broker_dealer
FINRA_BROKERCHECK,MCH PRIVATE EQUITY,,firm,MCH PRIVATE EQUITY,,,0,,,firm,broker_dealer
FINRA_BROKERCHECK,ETHOS PRIVATE EQUITY,,firm,ETHOS PRIVATE EQUITY,,,0,,,firm,broker_dealer
FINRA_BROKERCHECK,AUDAX PRIVATE EQUITY,,firm,AUDAX PRIVATE EQUITY,,,0,,,firm,broker_dealer
FINRA_BROKERCHECK,"CF PRIVATE EQUITY, INC.",,firm,"CF PRIVATE EQUITY, INC.",,,0,,,firm,broker_dealer
FINRA_BROKERCHECK,NVM PRIVATE EQUITY LLP,,firm,NVM PRIVATE EQUITY LLP,,,0,,,firm,broker_dealer
FINRA_BROKERCHECK,PIEDMONT PRIVATE EQUITY,,firm,PIEDMONT PRIVATE EQUITY,,,0,,,firm,broker_dealer
FINRA_BROKERCHECK,AMPLIO PRIVATE EQUITY AB,,firm,AMPLIO PRIVATE EQUITY AB,,,0,,,firm,broker_dealer
FINRA_BROKERCHECK,CUBERA PRIVATE EQUITY AS,,firm,CUBERA PRIVATE EQUITY AS,,,0,,,firm,broker_dealer
FINRA_BROKERCHECK,SWEETWATER PRIVATE EQUITY,,firm,SWEETWATER PRIVATE EQUITY,,,0,,,firm,broker_dealer
FINRA_BROKERCHECK,TENZING PRIVATE EQUITY LLP,,firm,TENZING PRIVATE EQUITY LLP,,,0,,,firm,broker_dealer
FINRA_BROKERCHECK,"MONTAGU PRIVATE EQUITY, LLP",,firm,"MONTAGU PRIVATE EQUITY, LLP",,,0,,,firm,broker_dealer
FINRA_BROKERCHECK,HARWOOD PRIVATE EQUITY LLP,,firm,HARWOOD PRIVATE EQUITY LLP,,,0,,,firm,broker_dealer
FINRA_BROKERCHECK,CALAMOS PRIVATE EQUITY LLC,,firm,CALAMOS PRIVATE EQUITY LLC,,,0,,,firm,broker_dealer
FINRA_BROKERCHECK,GRAPHITE PRIVATE EQUITY LLP,,firm,GRAPHITE PRIVATE EQUITY LLP,,,0,,,firm,broker_dealer
FINRA_BROKERCHECK,EXPONENT PRIVATE EQUITY LLP,,firm,EXPONENT PRIVATE EQUITY LLP,,,0,,,firm,broker_dealer
FINRA_BROKERCHECK,AGILITAS PRIVATE EQUITY LLP,,firm,AGILITAS PRIVATE EQUITY LLP,,,0,,,firm,broker_dealer
FINRA_BROKERCHECK,"DRIEHAUS PRIVATE EQUITY, LLC",,firm,"DRIEHAUS PRIVATE EQUITY, LLC",,,0,,,firm,broker_dealer
FINRA_BROKERCHECK,PALATINE PRIVATE EQUITY LLP,,firm,PALATINE PRIVATE EQUITY LLP,,,0,,,firm,broker_dealer
FINRA_BROKERCHECK,"PRIVATE EQUITY INVESTORS, INC.",,firm,"PRIVATE EQUITY INVESTORS, INC.",,,0,,,firm,broker_dealer
FINRA_BROKERCHECK,"BRENTWOOD PRIVATE EQUITY, LLC",,firm,"BRENTWOOD PRIVATE EQUITY, LLC",,,0,,,firm,broker_dealer
FINRA_BROKERCHECK,HQ CAPITAL PRIVATE EQUITY LLC,,firm,HQ CAPITAL PRIVATE EQUITY LLC,,,0,,,firm,broker_dealer
FINRA_BROKERCHECK,"PRIVATE EQUITY (THAILAND) CO., LTD.",,firm,"PRIVATE EQUITY (THAILAND) CO., LTD.",,,0,,,firm,broker_dealer
FINRA_BROKERCHECK,"GLENWOOD PRIVATE EQUITY CO., LTD.",,firm,"GLENWOOD PRIVATE EQUITY CO., LTD.",,,0,,,firm,broker_dealer
FINRA_BROKERCHECK,"BAIN CAPITAL PRIVATE EQUITY, LP",,firm,"BAIN CAPITAL PRIVATE EQUITY, LP",,,0,,,firm,broker_dealer
FINRA_BROKERCHECK,"HOSEN PRIVATE EQUITY III GP, LTD.",,firm,"HOSEN PRIVATE EQUITY III GP, LTD.",,,0,,,firm,broker_dealer
FINRA_BROKERCHECK,SELIGMAN PRIVATE EQUITY SELECT,,firm,SELIGMAN PRIVATE EQUITY SELECT,,,0,,,firm,broker_dealer
FINRA_BROKERCHECK,SAGARD PRIVATE EQUITY PARTNERS,,firm,SAGARD PRIVATE EQUITY PARTNERS,,,0,,,firm,broker_dealer
FINRA_BROKERCHECK,"AUA PRIVATE EQUITY PARTNERS, LLC",,firm,"AUA PRIVATE EQUITY PARTNERS, LLC",,,0,,,firm,broker_dealer
FINRA_BROKERCHECK,"Q-ENERGY PRIVATE EQUITY, S.G.E.I.C., S.A.",,firm,"Q-ENERGY PRIVATE EQUITY, S.G.E.I.C., S.A.",,,0,,,firm,broker_dealer
FINRA_BROKERCHECK,CAMPTON PRIVATE EQUITY ADVISORS,,firm,CAMPTON PRIVATE EQUITY ADVISORS,,,0,,,firm,broker_dealer
FINRA_BROKERCHECK,SAGARD PRIVATE EQUITY SOLUTIONS,,firm,SAGARD PRIVATE EQUITY SOLUTIONS,,,0,,,firm,broker_dealer
FINRA_BROKERCHECK,"CRESCENT COVE PRIVATE EQUITY, LLC",,firm,"CRESCENT COVE PRIVATE EQUITY, LLC",,,0,,,firm,broker_dealer
FINRA_BROKERCHECK,ALTAMAR PRIVATE EQUITY SGIIC SAU,,firm,ALTAMAR PRIVATE EQUITY SGIIC SAU,,,0,,,firm,broker_dealer
FINRA_BROKERCHECK,"STARR PRIVATE EQUITY PARTNERS, LLC",,firm,"STARR PRIVATE EQUITY PARTNERS, LLC",,,0,,,firm,broker_dealer
FINRA_BROKERCHECK,INFLEXION PRIVATE EQUITY PARTNERS,,firm,INFLEXION PRIVATE EQUITY PARTNERS,,,0,,,firm,broker_dealer
FINRA_BROKERCHECK,RIDGEWOOD PRIVATE EQUITY PARTNERS,,firm,RIDGEWOOD PRIVATE EQUITY PARTNERS,,,0,,,firm,broker_dealer
FINRA_BROKERCHECK,"MODERN PRIVATE EQUITY PARTNERS, LLC",,firm,"MODERN PRIVATE EQUITY PARTNERS, LLC",,,0,,,firm,broker_dealer
FINRA_BROKERCHECK,GARRETT CAPITAL PRIVATE EQUITY LLC,,firm,GARRETT CAPITAL PRIVATE EQUITY LLC,,,0,,,firm,broker_dealer
FINRA_BROKERCHECK,"SKYLARK PRIVATE EQUITY PARTNERS, LP",,firm,"SKYLARK PRIVATE EQUITY PARTNERS, LP",,,0,,,firm,broker_dealer
FINRA_BROKERCHECK,"WALNUT PRIVATE EQUITY PARTNERS, LLC",,firm,"WALNUT PRIVATE EQUITY PARTNERS, LLC",,,0,,,firm,broker_dealer
FINRA_BROKERCHECK,SABANERA PRIVATE EQUITY MANAGER LLC,,firm,SABANERA PRIVATE EQUITY MANAGER LLC,,,0,,,firm,broker_dealer
FINRA_BROKERCHECK,PATRIA PRIVATE EQUITY (EUROPE) LIMITED,,firm,PATRIA PRIVATE EQUITY (EUROPE) LIMITED,,,0,,,firm,broker_dealer
FINRA_BROKERCHECK,WATERLAND PRIVATE EQUITY INVESTMENTS,,firm,WATERLAND PRIVATE EQUITY INVESTMENTS,,,0,,,firm,broker_dealer
FINRA_BROKERCHECK,"PRIVATE EQUITY FINANCIAL ADVISORS, INC.",,firm,"PRIVATE EQUITY FINANCIAL ADVISORS, INC.",,,0,,,firm,broker_dealer
FINRA_BROKERCHECK,ALAMERE PRIVATE EQUITY MANAGEMENT LLC,,firm,ALAMERE PRIVATE EQUITY MANAGEMENT LLC,,,0,,,firm,broker_dealer
FINRA_BROKERCHECK,G SQUARE HEALTHCARE PRIVATE EQUITY LLP,,firm,G SQUARE HEALTHCARE PRIVATE EQUITY LLP,,,0,,,firm,broker_dealer
FINRA_BROKERCHECK,"BAIN CAPITAL PRIVATE EQUITY (EUROPE), LLP",,firm,"BAIN CAPITAL PRIVATE EQUITY (EUROPE), LLP",,,0,,,firm,broker_dealer
FINRA_BROKERCHECK,"MORGAN STANLEY PRIVATE EQUITY ASIA, INC.",,firm,"MORGAN STANLEY PRIVATE EQUITY ASIA, INC.",,,0,,,firm,broker_dealer
FINRA_BROKERCHECK,"GRAY PRIVATE WEALTH, LLC",,firm,"GRAY PRIVATE WEALTH, LLC",,,0,,,firm,broker_dealer
FINRA_BROKERCHECK,GOLDENPEAK PRIVATE EQUITY PARTNERS LLP,,firm,GOLDENPEAK PRIVATE EQUITY PARTNERS LLP,,,0,,,firm,broker_dealer
FINRA_BROKERCHECK,"ANTI FUND INVESTMENT FUND, LLC",,firm,"ANTI FUND INVESTMENT FUND, LLC",,,0,,,firm,broker_dealer
FINRA_BROKERCHECK,EPIC FUNDS,,firm,EPIC FUNDS,,,0,,,firm,broker_dealer
FINRA_BROKERCHECK,CROMWELL FUNDS,,firm,CROMWELL FUNDS,,,0,,,firm,broker_dealer
FINRA_BROKERCHECK,PABRAI INVESTMENT FUNDS,,firm,PABRAI INVESTMENT FUNDS,,,0,,,firm,broker_dealer
FINRA_BROKERCHECK,AMG FUNDS LLC,,firm,AMG FUNDS LLC,,,0,,,firm,broker_dealer
FINRA_BROKERCHECK,18 FUND MANAGEMENT LLC,,firm,18 FUND MANAGEMENT LLC,,,0,,,firm,broker_dealer
FINRA_BROKERCHECK,THE WINVEST INVESTMENT FUND,,firm,THE WINVEST INVESTMENT FUND,,,0,,,firm,broker_dealer
FINRA_BROKERCHECK,"LAGUNA INVESTMENT FUNDS, LLC",,firm,"LAGUNA INVESTMENT FUNDS, LLC",,,0,,,firm,broker_dealer
FINRA_BROKERCHECK,ISRAEL INVESTMENT FUND GROUP,,firm,ISRAEL INVESTMENT FUND GROUP,,,0,,,firm,broker_dealer
FINRA_BROKERCHECK,ENCAP INVESTMENTS L.P.,,firm,ENCAP INVESTMENTS L.P.,,,0,,,firm,broker_dealer
FINRA_BROKERCHECK,HARTFORD FUNDS,,firm,HARTFORD FUNDS,,,0,,,firm,broker_dealer
FINRA_BROKERCHECK,"STRATEGIC INVESTMENT FUND, INC.",,firm,"STRATEGIC INVESTMENT FUND, INC.",,,0,,,firm,broker_dealer
FINRA_BROKERCHECK,FUNDROCK LIS S.A,,firm,FUNDROCK LIS S.A,,,0,,,firm,broker_dealer
FINRA_BROKERCHECK,"TRU-CAPITAL INVESTMENT FUND, LLC",,firm,"TRU-CAPITAL INVESTMENT FUND, LLC",,,0,,,firm,broker_dealer
FINRA_BROKERCHECK,FUND LAUNCH PARTNERS,,firm,FUND LAUNCH PARTNERS,,,0,,,firm,broker_dealer
FINRA_BROKERCHECK,"FUNDSMITH, LLP",,firm,"FUNDSMITH, LLP",,,0,,,firm,broker_dealer
FINRA_BROKERCHECK,UMATIYA INVESTMENT GROUP FUND 1 LP,,firm,UMATIYA INVESTMENT GROUP FUND 1 LP,,,0,,,firm,broker_dealer
FINRA_BROKERCHECK,"LISC FUND MANAGEMENT, LLC",,firm,"LISC FUND MANAGEMENT, LLC",,,0,,,firm,broker_dealer
FINRA_BROKERCHECK,"STARLIGHT FUNDING INVESTMENTS, LLC",,firm,"STARLIGHT FUNDING INVESTMENTS, LLC",,,0,,,firm,broker_dealer
FINRA_BROKERCHECK,TRINITY FUND ADVISORS LLC,,firm,TRINITY FUND ADVISORS LLC,,,0,,,firm,broker_dealer
FINRA_BROKERCHECK,FUND DIRECT ADVISORS INC.,,firm,FUND DIRECT ADVISORS INC.,,,0,,,firm,broker_dealer
FINRA_BROKERCHECK,ARMATURE FUND MANAGEMENT LLC,,firm,ARMATURE FUND MANAGEMENT LLC,,,0,,,firm,broker_dealer
FINRA_BROKERCHECK,"WASATCH INVESTMENT FUND MANAGER, LLC",,firm,"WASATCH INVESTMENT FUND MANAGER, LLC",,,0,,,firm,broker_dealer
FINRA_BROKERCHECK,ALTERNATIVE INVESTMENT FUND MANAGER,,firm,ALTERNATIVE INVESTMENT FUND MANAGER,,,0,,,firm,broker_dealer
FINRA_BROKERCHECK,BRIDGE INVESTMENT GROUP,,firm,BRIDGE INVESTMENT GROUP,,,0,,,firm,broker_dealer
FINRA_BROKERCHECK,"FUNDAMENTAL INVESTMENT SERVICES, LLC",,firm,"FUNDAMENTAL INVESTMENT SERVICES, LLC",,,0,,,firm,broker_dealer
FINRA_BROKERCHECK,MULTIVERSE INVESTMENT,,firm,MULTIVERSE INVESTMENT,,,0,,,firm,broker_dealer
FINRA_BROKERCHECK,"MEDIA DEVELOPMENT INVESTMENT FUND, INC.",,firm,"MEDIA DEVELOPMENT INVESTMENT FUND, INC.",,,0,,,firm,broker_dealer
FINRA_BROKERCHECK,ROSEMONT EQUITY INVESTMENT FUND GP LLC,,firm,ROSEMONT EQUITY INVESTMENT FUND GP LLC,,,0,,,firm,broker_dealer
FINRA_BROKERCHECK,ELLE CAPITAL FUND INVESTMENT MANAGER LP,,firm,ELLE CAPITAL FUND INVESTMENT MANAGER LP,,,0,,,firm,broker_dealer
FINRA_BROKERCHECK,"RESTIVE INVESTMENT MANAGEMENT, LLC",,firm,"RESTIVE INVESTMENT MANAGEMENT, LLC",,,0,,,firm,broker_dealer
FINRA_BROKERCHECK,FUNDSMITH INVESTMENT SERVICES LIMITED,,firm,FUNDSMITH INVESTMENT SERVICES LIMITED,,,0,,,firm,broker_dealer
FINRA_BROKERCHECK,"STRATOS INVESTMENT MANAGEMENT, LLC",,firm,"STRATOS INVESTMENT MANAGEMENT, LLC",,,0,,,firm,broker_dealer
FINRA_BROKERCHECK,NATIONWIDE FUND ADVISORS,,firm,NATIONWIDE FUND ADVISORS,,,0,,,firm,broker_dealer
FINRA_BROKERCHECK,"SJW INVESTMENTS, LLC",,firm,"SJW INVESTMENTS, LLC",,,0,,,firm,broker_dealer
FINRA_BROKERCHECK,"NEW YORK CITY INVESTMENT FUND MANAGER, INC.",,firm,"NEW YORK CITY INVESTMENT FUND MANAGER, INC.",,,0,,,firm,broker_dealer
FINRA_BROKERCHECK,RBS COLLECTIVE INVESTMENT FUNDS LIMITED,,firm,RBS COLLECTIVE INVESTMENT FUNDS LIMITED,,,0,,,firm,broker_dealer
FINRA_BROKERCHECK,"HARTFORD FUNDS DISTRIBUTORS, LLC",,firm,"HARTFORD FUNDS DISTRIBUTORS, LLC",,,0,,,firm,broker_dealer
FINRA_BROKERCHECK,"BANYAN CONTINUATION FUND ADVISORS, LLC",,firm,"BANYAN CONTINUATION FUND ADVISORS, LLC",,,0,,,firm,broker_dealer
FINRA_BROKERCHECK,021 INVESTMENTS LLC,,firm,021 INVESTMENTS LLC,,,0,,,firm,broker_dealer
FINRA_BROKERCHECK,"LAMINA ROLLING FUND INVESTMENT MANAGER, LLC",,firm,"LAMINA ROLLING FUND INVESTMENT MANAGER, LLC",,,0,,,firm,broker_dealer
FINRA_BROKERCHECK,"FUNDAMENTAL INVESTMENT ALLIANCE GROUP, INC.",,firm,"FUNDAMENTAL INVESTMENT ALLIANCE GROUP, INC.",,,0,,,firm,broker_dealer
FINRA_BROKERCHECK,"OCEANIC PARTNERS, INC.",,firm,"OCEANIC PARTNERS, INC.",,,0,,,firm,broker_dealer
FINRA_BROKERCHECK,"GUGGENHEIM CORPORATE FUNDING, LLC",,firm,"GUGGENHEIM CORPORATE FUNDING, LLC",,,0,,,firm,broker_dealer
FINRA_BROKERCHECK,THE WINVEST INVESTMENT FUND MANAGEMENT CORP.,,firm,THE WINVEST INVESTMENT FUND MANAGEMENT CORP.,,,0,,,firm,broker_dealer
FINRA_BROKERCHECK,"THE OPERATORS FUND INVESTMENT MANAGEMENT, L.P.",,firm,"THE OPERATORS FUND INVESTMENT MANAGEMENT, L.P.",,,0,,,firm,broker_dealer
FINRA_BROKERCHECK,UCS INVESTMENT CO,,firm,UCS INVESTMENT CO,,,0,,,firm,broker_dealer
FINRA_BROKERCHECK,KEPPEL FUND MANAGEMENT LIMITED,,firm,KEPPEL FUND MANAGEMENT LIMITED,,,0,,,firm,broker_dealer
FINRA_BROKERCHECK,"MEEDER PUBLIC FUNDS, INC.",,firm,"MEEDER PUBLIC FUNDS, INC.",,,0,,,firm,broker_dealer
FINRA_BROKERCHECK,JY CAPITAL MANAGEMENT,,firm,JY CAPITAL MANAGEMENT,,,0,,,firm,broker_dealer
FINRA_BROKERCHECK,IS CAPITAL MANAGEMENT,,firm,IS CAPITAL MANAGEMENT,,,0,,,firm,broker_dealer
FINRA_BROKERCHECK,R5 CAPITAL MANAGEMENT,,firm,R5 CAPITAL MANAGEMENT,,,0,,,firm,broker_dealer
FINRA_BROKERCHECK,CH CAPITAL MANAGEMENT,,firm,CH CAPITAL MANAGEMENT,,,0,,,firm,broker_dealer
FINRA_BROKERCHECK,D2 CAPITAL MANAGEMENT,,firm,D2 CAPITAL MANAGEMENT,,,0,,,firm,broker_dealer
FINRA_BROKERCHECK,RF CAPITAL MANAGEMENT,,firm,RF CAPITAL MANAGEMENT,,,0,,,firm,broker_dealer
FINRA_BROKERCHECK,NJ CAPITAL MANAGEMENT,,firm,NJ CAPITAL MANAGEMENT,,,0,,,firm,broker_dealer
FINRA_BROKERCHECK,HV CAPITAL MANAGEMENT,,firm,HV CAPITAL MANAGEMENT,,,0,,,firm,broker_dealer
FINRA_BROKERCHECK,T&T CAPITAL MANAGEMENT,,firm,T&T CAPITAL MANAGEMENT,,,0,,,firm,broker_dealer
FINRA_BROKERCHECK,VY CAPITAL,,firm,VY CAPITAL,,,0,,,firm,broker_dealer
FINRA_BROKERCHECK,T11 CAPITAL MANAGEMENT,,firm,T11 CAPITAL MANAGEMENT,,,0,,,firm,broker_dealer
FINRA_BROKERCHECK,ROI CAPITAL MANAGEMENT,,firm,ROI CAPITAL MANAGEMENT,,,0,,,firm,broker_dealer
FINRA_BROKERCHECK,RLC CAPITAL MANAGEMENT,,firm,RLC CAPITAL MANAGEMENT,,,0,,,firm,broker_dealer
FINRA_BROKERCHECK,RCL CAPITAL MANAGEMENT,,firm,RCL CAPITAL MANAGEMENT,,,0,,,firm,broker_dealer
FINRA_BROKERCHECK,SRC CAPITAL MANAGEMENT,,firm,SRC CAPITAL MANAGEMENT,,,0,,,firm,broker_dealer
FINRA_BROKERCHECK,ORF CAPITAL MANAGEMENT,,firm,ORF CAPITAL MANAGEMENT,,,0,,,firm,broker_dealer
FINRA_BROKERCHECK,TGA CAPITAL MANAGEMENT,,firm,TGA CAPITAL MANAGEMENT,,,0,,,firm,broker_dealer
FINRA_BROKERCHECK,JDP CAPITAL MANAGEMENT,,firm,JDP CAPITAL MANAGEMENT,,,0,,,firm,broker_dealer
FINRA_BROKERCHECK,COX CAPITAL MANAGEMENT,,firm,COX CAPITAL MANAGEMENT,,,0,,,firm,broker_dealer
FINRA_BROKERCHECK,CAPITAL MANAGEMENT LLC,,firm,CAPITAL MANAGEMENT LLC,,,0,,,firm,broker_dealer
FINRA_BROKERCHECK,PSI CAPITAL MANAGEMENT,,firm,PSI CAPITAL MANAGEMENT,,,0,,,firm,broker_dealer
FINRA_BROKERCHECK,AZA CAPITAL MANAGEMENT,,firm,AZA CAPITAL MANAGEMENT,,,0,,,firm,broker_dealer
FINRA_BROKERCHECK,FAI CAPITAL MANAGEMENT,,firm,FAI CAPITAL MANAGEMENT,,,0,,,firm,broker_dealer
FINRA_BROKERCHECK,MAY CAPITAL MANAGEMENT,,firm,MAY CAPITAL MANAGEMENT,,,0,,,firm,broker_dealer
FINRA_BROKERCHECK,COY CAPITAL MANAGEMENT,,firm,COY CAPITAL MANAGEMENT,,,0,,,firm,broker_dealer
FINRA_BROKERCHECK,AMF CAPITAL MANAGEMENT,,firm,AMF CAPITAL MANAGEMENT,,,0,,,firm,broker_dealer
FINRA_BROKERCHECK,LPG CAPITAL MANAGEMENT,,firm,LPG CAPITAL MANAGEMENT,,,0,,,firm,broker_dealer
FINRA_BROKERCHECK,BTC CAPITAL MANAGEMENT,,firm,BTC CAPITAL MANAGEMENT,,,0,,,firm,broker_dealer
FINRA_BROKERCHECK,XLM CAPITAL MANAGEMENT,,firm,XLM CAPITAL MANAGEMENT,,,0,,,firm,broker_dealer
FINRA_BROKERCHECK,S2F CAPITAL MANAGEMENT,,firm,S2F CAPITAL MANAGEMENT,,,0,,,firm,broker_dealer
FINRA_BROKERCHECK,TCG CAPITAL MANAGEMENT,,firm,TCG CAPITAL MANAGEMENT,,,0,,,firm,broker_dealer
FINRA_BROKERCHECK,CLC CAPITAL MANAGEMENT,,firm,CLC CAPITAL MANAGEMENT,,,0,,,firm,broker_dealer
FINRA_BROKERCHECK,JCM CAPITAL MANAGEMENT,,firm,JCM CAPITAL MANAGEMENT,,,0,,,firm,broker_dealer
FINRA_BROKERCHECK,MOK CAPITAL MANAGEMENT,,firm,MOK CAPITAL MANAGEMENT,,,0,,,firm,broker_dealer
FINRA_BROKERCHECK,MVV CAPITAL MANAGEMENT,,firm,MVV CAPITAL MANAGEMENT,,,0,,,firm,broker_dealer
FINRA_BROKERCHECK,S2O CAPITAL MANAGEMENT,,firm,S2O CAPITAL MANAGEMENT,,,0,,,firm,broker_dealer
FINRA_BROKERCHECK,FTN CAPITAL MANAGEMENT,,firm,FTN CAPITAL MANAGEMENT,,,0,,,firm,broker_dealer
FINRA_BROKERCHECK,CQL CAPITAL MANAGEMENT,,firm,CQL CAPITAL MANAGEMENT,,,0,,,firm,broker_dealer
FINRA_BROKERCHECK,SCN CAPITAL MANAGEMENT,,firm,SCN CAPITAL MANAGEMENT,,,0,,,firm,broker_dealer
FINRA_BROKERCHECK,IMS CAPITAL MANAGEMENT,,firm,IMS CAPITAL MANAGEMENT,,,0,,,firm,broker_dealer
FINRA_BROKERCHECK,FTI CAPITAL MANAGEMENT,,firm,FTI CAPITAL MANAGEMENT,,,0,,,firm,broker_dealer
FINRA_BROKERCHECK,HBK CAPITAL MANAGEMENT,,firm,HBK CAPITAL MANAGEMENT,,,0,,,firm,broker_dealer
FINRA_BROKERCHECK,RFK CAPITAL MANAGEMENT,,firm,RFK CAPITAL MANAGEMENT,,,0,,,firm,broker_dealer
FINRA_BROKERCHECK,GFN CAPITAL MANAGEMENT,,firm,GFN CAPITAL MANAGEMENT,,,0,,,firm,broker_dealer
FINRA_BROKERCHECK,DGS CAPITAL MANAGEMENT,,firm,DGS CAPITAL MANAGEMENT,,,0,,,firm,broker_dealer
FINRA_BROKERCHECK,III CAPITAL MANAGEMENT,,firm,III CAPITAL MANAGEMENT,,,0,,,firm,broker_dealer
FINRA_BROKERCHECK,DFS CAPITAL MANAGEMENT,,firm,DFS CAPITAL MANAGEMENT,,,0,,,firm,broker_dealer
FINRA_BROKERCHECK,JRB CAPITAL MANAGEMENT,,firm,JRB CAPITAL MANAGEMENT,,,0,,,firm,broker_dealer
FINRA_BROKERCHECK,TL-B CAPITAL MANAGEMENT,,firm,TL-B CAPITAL MANAGEMENT,,,0,,,firm,broker_dealer
FINRA_BROKERCHECK,CAPITAL A MANAGEMENT B.V.,,firm,CAPITAL A MANAGEMENT B.V.,,,0,,,firm,broker_dealer
FINRA_BROKERCHECK,ASSET MANAGEMENT,,firm,ASSET MANAGEMENT,,,0,,,firm,broker_dealer
FINRA_BROKERCHECK,GC ASSET MANAGEMENT,,firm,GC ASSET MANAGEMENT,,,0,,,firm,broker_dealer
FINRA_BROKERCHECK,WP ASSET MANAGEMENT,,firm,WP ASSET MANAGEMENT,,,0,,,firm,broker_dealer
FINRA_BROKERCHECK,BQ ASSET MANAGEMENT,,firm,BQ ASSET MANAGEMENT,,,0,,,firm,broker_dealer
FINRA_BROKERCHECK,RK ASSET MANAGEMENT,,firm,RK ASSET MANAGEMENT,,,0,,,firm,broker_dealer
FINRA_BROKERCHECK,P3 ASSET MANAGEMENT,,firm,P3 ASSET MANAGEMENT,,,0,,,firm,broker_dealer
FINRA_BROKERCHECK,D2 ASSET MANAGEMENT,,firm,D2 ASSET MANAGEMENT,,,0,,,firm,broker_dealer
FINRA_BROKERCHECK,REVERE ASSET,,firm,REVERE ASSET,,,0,,,firm,broker_dealer
FINRA_BROKERCHECK,MGH ASSET MANAGEMENT,,firm,MGH ASSET MANAGEMENT,,,0,,,firm,broker_dealer
FINRA_BROKERCHECK,CWS ASSET MANAGEMENT,,firm,CWS ASSET MANAGEMENT,,,0,,,firm,broker_dealer
FINRA_BROKERCHECK,AIS ASSET MANAGEMENT,,firm,AIS ASSET MANAGEMENT,,,0,,,firm,broker_dealer
FINRA_BROKERCHECK,PNW ASSET MANAGEMENT,,firm,PNW ASSET MANAGEMENT,,,0,,,firm,broker_dealer
FINRA_BROKERCHECK,R.O.S. ASSET MANAGEMENT,,firm,R.O.S. ASSET MANAGEMENT,,,0,,,firm,broker_dealer
FINRA_BROKERCHECK,MWA ASSET MANAGEMENT,,firm,MWA ASSET MANAGEMENT,,,0,,,firm,broker_dealer
FINRA_BROKERCHECK,FIM ASSET MANAGEMENT,,firm,FIM ASSET MANAGEMENT,,,0,,,firm,broker_dealer
FINRA_BROKERCHECK,MHP ASSET MANAGEMENT,,firm,MHP ASSET MANAGEMENT,,,0,,,firm,broker_dealer
FINRA_BROKERCHECK,22V ASSET MANAGEMENT,,firm,22V ASSET MANAGEMENT,,,0,,,firm,broker_dealer
FINRA_BROKERCHECK,LSV ASSET MANAGEMENT,,firm,LSV ASSET MANAGEMENT,,,0,,,firm,broker_dealer
FINRA_BROKERCHECK,SVB ASSET MANAGEMENT,,firm,SVB ASSET MANAGEMENT,,,0,,,firm,broker_dealer
FINRA_BROKERCHECK,RWH ASSET MANAGEMENT,,firm,RWH ASSET MANAGEMENT,,,0,,,firm,broker_dealer
FINRA_BROKERCHECK,ION ASSET MANAGEMENT,,firm,ION ASSET MANAGEMENT,,,0,,,firm,broker_dealer
FINRA_BROKERCHECK,CIG ASSET MANAGEMENT,,firm,CIG ASSET MANAGEMENT,,,0,,,firm,broker_dealer
FINRA_BROKERCHECK,AIR ASSET MANAGEMENT,,firm,AIR ASSET MANAGEMENT,,,0,,,firm,broker_dealer
FINRA_BROKERCHECK,GMG ASSET MANAGEMENT,,firm,GMG ASSET MANAGEMENT,,,0,,,firm,broker_dealer
FINRA_BROKERCHECK,HERO ASSET MANAGEMENT,,firm,HERO ASSET MANAGEMENT,,,0,,,firm,broker_dealer
FINRA_BROKERCHECK,LANE ASSET MANAGEMENT,,firm,LANE ASSET MANAGEMENT,,,0,,,firm,broker_dealer
FINRA_BROKERCHECK,LAGO ASSET MANAGEMENT,,firm,LAGO ASSET MANAGEMENT,,,0,,,firm,broker_dealer
FINRA_BROKERCHECK,TIND ASSET MANAGEMENT,,firm,TIND ASSET MANAGEMENT,,,0,,,firm,broker_dealer
FINRA_BROKERCHECK,DEEM ASSET MANAGEMENT,,firm,DEEM ASSET MANAGEMENT,,,0,,,firm,broker_dealer
FINRA_BROKERCHECK,OSLO ASSET MANAGEMENT,,firm,OSLO ASSET MANAGEMENT,,,0,,,firm,broker_dealer
FINRA_BROKERCHECK,BONE ASSET MANAGEMENT,,firm,BONE ASSET MANAGEMENT,,,0,,,firm,broker_dealer
FINRA_BROKERCHECK,LIFT ASSET MANAGEMENT,,firm,LIFT ASSET MANAGEMENT,,,0,,,firm,broker_dealer
FINRA_BROKERCHECK,O ASSET MANAGEMENT LLC,,firm,O ASSET MANAGEMENT LLC,,,0,,,firm,broker_dealer
FINRA_BROKERCHECK,MONTY ASSET MANAGEMENT,,firm,MONTY ASSET MANAGEMENT,,,0,,,firm,broker_dealer
FINRA_BROKERCHECK,SALEM ASSET MANAGEMENT,,firm,SALEM ASSET MANAGEMENT,,,0,,,firm,broker_dealer
FINRA_BROKERCHECK,LYONS ASSET MANAGEMENT,,firm,LYONS ASSET MANAGEMENT,,,0,,,firm,broker_dealer
FINRA_BROKERCHECK,GUZEK ASSET MANAGEMENT,,firm,GUZEK ASSET MANAGEMENT,,,0,,,firm,broker_dealer
FINRA_BROKERCHECK,BROCK ASSET MANAGEMENT,,firm,BROCK ASSET MANAGEMENT,,,0,,,firm,broker_dealer
FINRA_BROKERCHECK,CRAKE ASSET MANAGEMENT,,firm,CRAKE ASSET MANAGEMENT,,,0,,,firm,broker_dealer
FINRA_BROKERCHECK,ICICI ASSET MANAGEMENT,,firm,ICICI ASSET MANAGEMENT,,,0,,,firm,broker_dealer
FINRA_BROKERCHECK,EULAV ASSET MANAGEMENT,,firm,EULAV ASSET MANAGEMENT,,,0,,,firm,broker_dealer
FINRA_BROKERCHECK,IMPAX ASSET MANAGEMENT,,firm,IMPAX ASSET MANAGEMENT,,,0,,,firm,broker_dealer
FINRA_BROKERCHECK,STACK ASSET MANAGEMENT,,firm,STACK ASSET MANAGEMENT,,,0,,,firm,broker_dealer
FINRA_BROKERCHECK,ABRAM ASSET MANAGEMENT,,firm,ABRAM ASSET MANAGEMENT,,,0,,,firm,broker_dealer
FINRA_BROKERCHECK,ALPHA ASSET MANAGEMENT,,firm,ALPHA ASSET MANAGEMENT,,,0,,,firm,broker_dealer
FINRA_BROKERCHECK,REWEY ASSET MANAGEMENT,,firm,REWEY ASSET MANAGEMENT,,,0,,,firm,broker_dealer
FINRA_BROKERCHECK,BASON ASSET MANAGEMENT,,firm,BASON ASSET MANAGEMENT,,,0,,,firm,broker_dealer
FINRA_BROKERCHECK,LOCKE ASSET MANAGEMENT,,firm,LOCKE ASSET MANAGEMENT,,,0,,,firm,broker_dealer
FINRA_BROKERCHECK,TEXAS ASSET MANAGEMENT,,firm,TEXAS ASSET MANAGEMENT,,,0,,,firm,broker_dealer
FINRA_BROKERCHECK,FINEC ASSET MANAGEMENT,,firm,FINEC ASSET MANAGEMENT,,,0,,,firm,broker_dealer
FINRA_BROKERCHECK,MBH HEDGE FUND LLC,,firm,MBH HEDGE FUND LLC,,,0,,,firm,broker_dealer
FINRA_BROKERCHECK,HEDGE FUND MANAGER,,firm,HEDGE FUND MANAGER,,,0,,,firm,broker_dealer
FINRA_BROKERCHECK,"UNION HEDGE FUNDS, LLC",,firm,"UNION HEDGE FUNDS, LLC",,,0,,,firm,broker_dealer
FINRA_BROKERCHECK,"PARTNERCAP SECURITIES, LLC",,firm,"PARTNERCAP SECURITIES, LLC",,,0,,,firm,broker_dealer
FINRA_BROKERCHECK,"PJH CONSULTING SERVICES, LLC",,firm,"PJH CONSULTING SERVICES, LLC",,,0,,,firm,broker_dealer
FINRA_BROKERCHECK,LYONS WEALTH MANAGEMENT,,firm,LYONS WEALTH MANAGEMENT,,,0,,,firm,broker_dealer
FINRA_BROKERCHECK,PRIVATE CAPITAL MANAGEMENT,,firm,PRIVATE CAPITAL MANAGEMENT,,,0,,,firm,broker_dealer
FINRA_BROKERCHECK,MORGAN STANLEY AIP GP LP,,firm,MORGAN STANLEY AIP GP LP,,,0,,,firm,broker_dealer
FINRA_BROKERCHECK,"J.P. MORGAN ALTERNATIVE ASSET MANAGEMENT, INC.",,firm,"J.P. MORGAN ALTERNATIVE ASSET MANAGEMENT, INC.",,,0,,,firm,broker_dealer
FINRA_BROKERCHECK,UBS ASSET MANAGEMENT (AMERICAS) LLC,,firm,UBS ASSET MANAGEMENT (AMERICAS) LLC,,,0,,,firm,broker_dealer
FINRA_BROKERCHECK,DARK FOREST CAPITAL MANAGEMENT LP,,firm,DARK FOREST CAPITAL MANAGEMENT LP,,,0,,,firm,broker_dealer
FINRA_BROKERCHECK,"PEAKLINE PARTNERS, LLC",,firm,"PEAKLINE PARTNERS, LLC",,,0,,,firm,broker_dealer
