source,username,name,bio,company,location,followers,following,public_repos,profile_url,node_type,relationship_type
GitHub,umbros,Umberto Rosini,Head of ICT Unit @ CDP Venture Capital Sgr,CDP Venture Capital Sgr,Rome,321,0,5,https://github.com/umbros,person,developer
GitHub,RunaCapital,Runa Capital,Global venture capital firm,,Luxembourg,145,0,4,https://github.com/RunaCapital,person,developer
GitHub,iakhilteja,Akhil Teja,Head of AI at Pivot - Web 3.0 Venture Capital and Accelerators,@0xPivot,Dubai,86,12,23,https://github.com/iakhilteja,person,developer
GitHub,mlemos,Manoel Lemos,Venture capital investor during the day. Former entrepreneur and engineer still loving to code and make things at night. ;-),,San Francisco Bay Area,82,3,18,https://github.com/mlemos,person,developer
GitHub,vlux,Xuanwu,Pre: Baiont Capital & Sinovation Ventures.  HKUST CSE Ph.D.,Gnano,Utopia,50,127,56,https://github.com/vlux,person,developer
GitHub,eOlawale,Co-Founder : foodcentral_ai and Marketplace on Motion,FoodCentral Marketplace is a serial venture capital and software company supporting global entrepreneurs and unicorns  https://foodnation247.vercel.app ,Marketplace on Motion,"Boston, MA,USA",42,100,30,https://github.com/eOlawale,person,developer
GitHub,hebowei2000,Bowei He,"CS Ph.D. student in CityU, Advanced AutoML,  RL, and recommender system. Tech Venture Capital investor.",City University Of Hong Kong,Hong Kong,36,128,72,https://github.com/hebowei2000,person,developer
GitHub,jrolf,James A. Rolfsen,"Data Science, Machine Learning, and Venture Capital",Think.dev,"Austin, TX",25,65,49,https://github.com/jrolf,person,developer
GitHub,Obuz,Octav Buzoianu,Energy transition & climate technology Venture Capital  ,Launchpad,"London, UK",24,264,9,https://github.com/Obuz,person,developer
GitHub,otaviofff,Otavio Ferreira,"Software engineering professional, startup advisor, and venture capital investor.",AI CTO,"Vancouver, BC, Canada",20,3,6,https://github.com/otaviofff,person,developer
GitHub,VCpreneur,Ahmad Takatkah,"Data science, venture capital, and crypto!",,"Mountain View, CA",19,36,10,https://github.com/VCpreneur,person,developer
GitHub,Neufund,Neufund,Bridging the worlds of blockchain and venture capital,,"Berlin, Germany",18,0,62,https://github.com/Neufund,person,developer
GitHub,laplacian-k,James Park,"Big data analyst & engineer. I'm interested in venture capital, hedge fund and tech startup industries. ",@seoulai @laplacetec,"Seoul, South of Korea",18,15,3,https://github.com/laplacian-k,person,developer
GitHub,Artarda19,Arda,"Community moderator, Capital Ventures investor",Ruesandora0 community,,17,26,9,https://github.com/Artarda19,person,developer
GitHub,diegonmarcos,Diego (Coelho) Nepomuceno Marcos,Product  Engineering student | Venture Capital and Portfolio Manager Analyst | Civil Engineer B.Sc. | BERlin.de,42@Berlin,Berlin/DE,17,31,18,https://github.com/diegonmarcos,person,developer
GitHub,Angel-builds,Angel  Sarpong Antwi-Mensah,"CS @ GSU, building and learning, ML @Chambers-Capital-Ventures-Inc, @ColorStack-Grambling , RTC, Code2040  ",@Chambers-Capital-Ventures-Inc ,"Grambling,LA",17,14,11,https://github.com/Angel-builds,person,developer
GitHub,LGSKOKO,LiGenSheng,A teenager who plans to earn venture capital by becoming a coder.,107,HENAN UNIVERSITY,15,21,11,https://github.com/LGSKOKO,person,developer
GitHub,adeel06,AdamAn,venture capital trading AI JustAGuy = JAG! 🗡️ ,HVME,New York,14,7,45,https://github.com/adeel06,person,developer
GitHub,li-valen,Valen Li,ml engineer @ventus-ai | venture capital investor @ wndr | inc sde @ amazon | cs @ harvard | prev full-stack @ wharton | prev ml researcher @ cmu & uwash,@ventus-ai,Philadelphia,13,13,19,https://github.com/li-valen,person,developer
GitHub,lisun85,,Director | MIT | Artificial Intelligence | Blockchain | Venture Capital | Chicago | New York | Boston,,"Chicago, IL",12,10,37,https://github.com/lisun85,person,developer
GitHub,jtchien0925,Bob Chien PhD,Dr. Bob JT Chien is a venture-backed tech founder and investor. Director at String Capital.,@StringCapital,Knowhere,12,10,30,https://github.com/jtchien0925,person,developer
GitHub,headlinevc,Headline,A global venture capital firm that codes,,San Francisco,11,0,18,https://github.com/headlinevc,person,developer
GitHub,goelmayank,Mathuranath Das,Youth Mentor at HKM Mumbai | HSBC | BITS Pilani Experienced Software Engineer with a demonstrated history of working in the venture capital and travel industry,Hare Krishna Movement,Mumbai,10,14,148,https://github.com/goelmayank,person,developer
GitHub,dotben,Ben Metcalfe,VC | unicorn startup founder | father  hacker > software engineer > product manager > marketer > public policy nerd > venture capital investor,Monochrome Capital,"San Francisco, CA",10,1,8,https://github.com/dotben,person,developer
GitHub,heetermaria,Maria Heeter,"Venture capital reporter @ The Information. I focus on late-stage startups, IPOs and crossover funds. Used to cover real estate @ Bloomberg.",,mdheeter@gmail.com,9,20,6,https://github.com/heetermaria,person,developer
GitHub,Edzandpieces,Edmund Oh,"Australian born, now living in Tokyo. Worked in venture capital and sales in countries like South Korea. Now looking to grow in a Product Manager role.",,"Tokyo, Japan",9,6,15,https://github.com/Edzandpieces,person,developer
GitHub,SauJyu0225,Irene,"Venture Capital-XR, 3D AIGC & Programming. ",AIOT Capital,"Shanghai, China",8,11,6,https://github.com/SauJyu0225,person,developer
GitHub,Siralde,Aldemaro Gonzalez,Venture Capital - Software Engineer - Data Scientist  www.linkedin.com/in/aldemaro-gonzalez,,,8,7,47,https://github.com/Siralde,person,developer
GitHub,seanevanlee,Sean Lee,"Full-stack software engineer with extensive backgrounds in FAANG, tech startups, venture capital. ",,"Orange County, CA",8,7,27,https://github.com/seanevanlee,person,developer
GitHub,skylandventures,Skyland Ventures,Seed Stage Venture Capital in Tokyo. Twitter @kinoshitay,Skyland Ventures,Tokyo,8,15,4,https://github.com/skylandventures,person,developer
GitHub,peterredford,Peter Redford,Venture Capital | IP Litigation,TV Interactive Corp.,"Silicon Valley, CA 95070",8,0,0,https://github.com/peterredford,person,developer
GitHub,icehouse-ventures,Icehouse Ventures,Early-stage Venture Capital firm based in New Zealand.,,"Auckland, New Zealand",8,0,5,https://github.com/icehouse-ventures,person,developer
GitHub,oluwakemiegbinola,Oluwakemi,"A technology analyst's & biz consultant; over 10 years of corporate, start-up and venture capital experience in Total, Internet of Things, SaaS, Infrastructure",,,8,2,60,https://github.com/oluwakemiegbinola,person,developer
GitHub,shard-lab,ShardLab,"ShardLab is the innovation arm of Hashed, a leading global Web3 venture capital firm based in Asia.",,,8,0,4,https://github.com/shard-lab,person,developer
GitHub,DragonVentureCapital,Dragon Venture Capital,,,Porto Alegre,7,0,8,https://github.com/DragonVentureCapital,person,developer
GitHub,ironkeyventureDAO,Iron Key Capital,Decentralized Hybrid Venture Studio / Syndicate Model.,,United States of America,7,0,2,https://github.com/ironkeyventureDAO,person,developer
GitHub,EdoPedrocchi,Edoardo Pedrocchi,Venture capital and Machine Learning enthusiast. Looking for great opportunities🚀 ,,,7,4,10,https://github.com/EdoPedrocchi,person,developer
GitHub,Roee-Bar,Roee Bar,Software Engineer | Google Developers Group Organizer | Venture Capital Club,,"Haifa district, Israel",7,4,3,https://github.com/Roee-Bar,person,developer
GitHub,santonode,Chris Nunez,30 year veteran of IT systems. MBA and BSME. Venture Capital backed CEO with 15 patents. ,Santo Electronics,"Florida, USA",7,17,5,https://github.com/santonode,person,developer
GitHub,gefenskolnick,Gefen Skolnick,"Junior at UCLA studying linguistics and computer science. Software Engineer for RSE Lab, Product at Hulu, Venture Partner at Contrary Capital. ",,"Los Angeles, CA",7,4,17,https://github.com/gefenskolnick,person,developer
GitHub,fundwave,Fundwave,Fundwave is SaaS for Venture Capital & Private Equity,,,6,0,18,https://github.com/fundwave,person,developer
GitHub,gdcrfxiqau,cryptonexa,I like Venture Capital.,,,6,5,3,https://github.com/gdcrfxiqau,person,developer
GitHub,shahidhn,Shahid Hussain Nowshad,"ECE @ UT Austin, Venture Partner @ Contrary Capital, former systems software engineering @ Dell EMC",The University of Texas at Austin,"Austin, TX",6,8,16,https://github.com/shahidhn,person,developer
GitHub,felipesanze,Felipe Sanz,Data Science | Venture Capital | F1 Nerd | Amateur Mucisian,Celonis,Spain,6,10,3,https://github.com/felipesanze,person,developer
GitHub,YTWOFUND,YTWOFUND,YTWO is a global international venture capital and assets management fund that invests in early-stage crypto startups.,,,6,4,47,https://github.com/YTWOFUND,person,developer
GitHub,flowlikewater,Kevin Cho ,software engineer x venture capital associate @Zeroth.ai | UX agency co-founder @Qwertup | ex-investment banker @Oppenheimer_Inc. (NYSE: OPY),,Hong Kong / London ,6,1,57,https://github.com/flowlikewater,person,developer
GitHub,cubeydice,Queen Belle Dela Cruz,hi! i'm queen 👾   a former Venture Capital Tax Accountant trading one stack of returns for another,,"San Jose, CA",6,8,18,https://github.com/cubeydice,person,developer
GitHub,myidentityissecret,Alfie Thompson,"Somewhere between crypto, venture capital, and machine learning.",,"Miami, Florida, USA",6,0,0,https://github.com/myidentityissecret,person,developer
GitHub,hamastar-hn,hamastar-hn,Hamastar Technology was founded through investment by several international software companies (including Acer and Corel) and venture-capital companies (includi,"HAMASTAR Technology Co., Ltd.","18F., No.8, Minquan 2nd Rd., Qianzhen Dist., Kaohsiung City 806, Taiwan",6,0,0,https://github.com/hamastar-hn,person,developer
GitHub,the-capital-hub,The Capital Hub,Let's build a valuable venture together,The Capital Hub,Bengaluru,5,0,26,https://github.com/the-capital-hub,person,developer
GitHub,holman,Zach Holman,Angel investor. Director of Technology at @americanoutlaws. Previously: @github @GitLab.,@americanoutlaws ,San Francisco,6505,84,57,https://github.com/holman,person,developer
GitHub,yurishkuro,Yuri Shkuro,Software engineer; Angel investor & advisor. Creator of Jaeger (@jaegertracing). Author of “Mastering Distributed Tracing”. Co-founder of @open-telemetry.,,New York,1246,3,52,https://github.com/yurishkuro,person,developer
GitHub,ctlllll,Tianle Cai,"ML PhD @Princeton. Life-long learner, hacker, and builder. Tech consultant & angel investor. Take a look at my recent research @FasterDecoding !",@Princeton,Earth,498,340,31,https://github.com/ctlllll,person,developer
GitHub,ramitsurana,Ramit Surana,Product Development Lead. BITS Pilani. CKA + Hashicorp Terraform Associate + AWS SA + Google TensorFlow Developer Certified. Angel Investor. ,MinfyTech,India,429,244,314,https://github.com/ramitsurana,person,developer
GitHub,nehanarkhede,Neha Narkhede,"Co-founder Confluent, Co-creator Apache Kafka. Angel investor and Advisor.",@confluentinc,"Palo Alto, California",381,6,10,https://github.com/nehanarkhede,person,developer
GitHub,tschm,Thomas Schmelzer,"Quant, Rhodes scholar, mathematician, coder, cyclist and angel investor living the Arabian dream. Visiting Scholar at Stanford with @stephenpboyd in 2023",JQR -- Jebel Quant Research,"Palo Alto & Abu Dhabi, United Arab Emirates",339,157,73,https://github.com/tschm,person,developer
GitHub,pkarw,Piotr Karwatka,"CatchTheTornado co-founder, TypeScript enthusiast, angel investor",@CatchTheTornado,Wroclaw,303,30,4,https://github.com/pkarw,person,developer
GitHub,jonathancornelissen,Jonathan Cornelissen,Co-founder @ DataCamp and Angel investor,@datacamp ,New York City,255,19,14,https://github.com/jonathancornelissen,person,developer
GitHub,georgiaw,Georgia Weidman,"Georgia Weidman is a serial entrepreneur, penetration tester, security researcher, speaker, trainer, mentor, angel investor, and author.",@Shevirah,,230,0,3,https://github.com/georgiaw,person,developer
GitHub,sylvinus,Sylvain Zimmer,"Hacker, Entrepreneur, Angel Investor, Conference organizer, Public servant",DINUM / ANCT,"Paris / Lyon, France",224,1,90,https://github.com/sylvinus,person,developer
GitHub,arietrouw,Arie Trouw,"Founder of XY, Developer since TRS-80, Angel Investor in San Diego Tech and Blockchain","XYLabs, Inc","San Diego, CA",200,9,1,https://github.com/arietrouw,person,developer
GitHub,madlag,François Lagunas,"EdTech Entrepreneur, CTO & Angel Investor. Sea, Air & Space Lover. ",,"Paris, France",166,8,44,https://github.com/madlag,person,developer
GitHub,jameswatts,James Watts,"Internet Survivor, Startup Enthusiast, Technical Advisor, Angel Investor, Speaker, Author, Open Source Advocate, Founder @kusanagi, Husband and Father",KUSANAGI,United Kingdom,132,3,14,https://github.com/jameswatts,person,developer
GitHub,kouky,Michael Koukoullis,"Dad & Partner. Software Engineer taking a break, ex @square + @cashapp , ex @Canva. Angel investor @buildkite.",,"Melbourne, Australia",116,32,48,https://github.com/kouky,person,developer
GitHub,carsonkahn-external,Carson Kahn,"ML engineer + angel investor augmenting human cognition 👾 ex-CTO for AI, Spindle AI (acquired by Salesforce) 🛰 Ex-President, Brainspace (acquired by Reveal)",@spindle-app ,San Francisco,107,206,41,https://github.com/carsonkahn-external,person,developer
GitHub,willisgreen,Will Green,Angel Investor / Start-up Mentor / Tech Entrepreneur since 2008,Co.lab,Cape Town / London / Remote,96,782,1,https://github.com/willisgreen,person,developer
GitHub,eugenehp,Eugene Hauptmann,"Eugene is a faith-centric technologist, a serial entrepreneur, angel investor, advisor and mentor.  Founder of Reactive Lions®",@reactive-lions-inc ,"San Francisco, California",90,16,519,https://github.com/eugenehp,person,developer
GitHub,davidhoang,David Hoang,"Software Designer | Angel Investor. Passionate about tools that revolutionize the internet. AI/ML, VPLs, and authoring tools.",,California,85,33,9,https://github.com/davidhoang,person,developer
GitHub,IKJ1992,Iman Khani Jazani,AI Start-UP Studio Director | Key Lecturer of Future Business School (FBS) | Angel Investor,EmpireLand | Sparky | Future Founders,Lavasan,78,25,33,https://github.com/IKJ1992,person,developer
GitHub,sebarmeli,Sebastiano Armeli,"Engineering Leader @Meta | Formerly @Pinterest, @Paypal, @Snap, @Spotify | Mentor @mentorcruise & @plato  | Angel investor",Upwork,"Menlo Park, United States",71,5,13,https://github.com/sebarmeli,person,developer
GitHub,loreto,Daniel Loreto,"Founder @jetify-com • Angel Investor • Worked at @Airbnb, @Twitter, @Google • Studied at @MIT",@jetify-com ,"Bay Area, New York",70,0,3,https://github.com/loreto,person,developer
GitHub,itsharshag,Harsh Agrawal,Founder techkareer.com | ZFellow | Ex Avalara | Angel Investor,@brahmandhq ,India,69,95,20,https://github.com/itsharshag,person,developer
GitHub,tzhenghao,Zheng Hao Tan,"AI Framework Engineer at Modular. Angel Investor. YC alum. Former founder of @celluloseai, Lexer (YC S22), ex Cruise, DriveAI, Hologram.",@modularml,"San Francisco, CA",63,54,93,https://github.com/tzhenghao,person,developer
GitHub,PetrovicGS,,"Crypto Investor: An experienced angel investor in the crypto industry, this individual possesses a keen eye for promising projects, successfully funding several",,CP,61,89,29,https://github.com/PetrovicGS,person,developer
GitHub,edmar,Edmar Ferreira,Angel Investor,Rock Content ,,58,12,9,https://github.com/edmar,person,developer
GitHub,lotusleafxyz,lotus,"founder, artist, angel investor",Openness,,58,213,4,https://github.com/lotusleafxyz,person,developer
GitHub,canaksoy,Can Aksoy,"👨🏻‍💻 multi-CTO, app & game dev, serial entrepreneur, angel investor",,"Istanbul, Turkey",55,48,23,https://github.com/canaksoy,person,developer
GitHub,benorama,Benoit Hediard,GenAI Enthusiast | Ex-CTO & Co-Founder @Agorapulse | Angel Investor,,Nantes - FRANCE,51,10,36,https://github.com/benorama,person,developer
GitHub,RiccardoGrin,Riccardo Grinover,Product at Leonardo AI | Prev. Co-Founder of Standard Retail & Replica Studios | Startup Advisor | Angel Investor | All about AI,,Australia,49,7,22,https://github.com/RiccardoGrin,person,developer
GitHub,nathanclevenger,Nathan Clevenger,"Nathan is a coder, serial entrepreneur, and angel investor. Creator of @mdxld & @dot-org-ai  Founder & CTO at @dot-do. Previously CTO @ iFactr, acquired by ZBRA",@dot-do,,48,22,274,https://github.com/nathanclevenger,person,developer
GitHub,nickmancol,Nicolas Bohorquez,"Data Architect, Software Developer, Technical Writer, Author, Angel investor",,"Bogota, Colombia",46,26,43,https://github.com/nickmancol,person,developer
GitHub,jwineman,jwineman,I'm an angel investor in technical debt. ,,,45,58,1,https://github.com/jwineman,person,developer
GitHub,preangelleo,Leo Wang,Angel Investor who loves coding.,PreAngel Fund,California,44,14,35,https://github.com/preangelleo,person,developer
GitHub,CNCoderhunter,Steve SHEN,Human Capital & Angel Investor / helping build 100s of great startups and founders. Wechat: SteveSHEN2,DIG X Lab,Shanghai China,44,1202,5,https://github.com/CNCoderhunter,person,developer
GitHub,lylepratt,Lyle Pratt,"Searching for asymmetries. Now: building  @VIDAislive. Past: startups founder (acquired), product/strategy exec. Investor: angel, funds, #Bitcoin.",,"Austin, Texas",43,17,25,https://github.com/lylepratt,person,developer
GitHub,galvezz,Jose Galvez,"Fullstack, iOS, Blockchain Developer, Machine Learning, M.Sc. in AI, Stocks Trader, Angel Investor | Founder of @Venddo @Onetappmx @Startupstemple @Mangohosting",Onetapp.mx,"Mexico, USA",39,218,139,https://github.com/galvezz,person,developer
GitHub,thomaswitt,Thomas Witt,Founder @vendis-ai • Angel Investor @ExpediteVentures,@vendis-ai,Cyprus,38,35,15,https://github.com/thomaswitt,person,developer
GitHub,hubrix,Mark Friedgan,"Serial Entrepreneur, Angel Investor, Award Winning CIO, Engineer",Hubrix Ventures,"Sunny Isles Beach, FL",38,52,38,https://github.com/hubrix,person,developer
GitHub,vikashkodati,Vikash Kodati,"Entrepreneur at godel.space, angel investor in AI/space startups, IITGAA Treasurer, space enthusiast, humanitarian, family-focused &  PNW  nature lover seeking ",Godel Space,"Seattle, WA",37,363,139,https://github.com/vikashkodati,person,developer
GitHub,biancini,Andrea Biancini,Managing Director & Angel Investor | Technology and Digital Transformation | Strategic Visionary | NED | Change Management | Innovation ⇨ @EITDigital,@eitdigital,"Milan, Italy",36,31,107,https://github.com/biancini,person,developer
GitHub,vijayp,Vijay Pandurangan,I'm a seed/angel investor who has run large teams in the past,self,"New York, NY",35,2,24,https://github.com/vijayp,person,developer
GitHub,FrankNFT-labs,FrankNFT.eth,"Angel Investor, Web3 Mercenary, NFT Artist & Collector, AI Artist, OG Solidity developer...having fun with Agentic AI",,The MetaVerse,34,11,26,https://github.com/FrankNFT-labs,person,developer
GitHub,heejour,Heeju Jo,I code to make people happier and healthier.  Looking for an angel investor🪽,Fitculator,"Los Angeles, California",33,30,44,https://github.com/heejour,person,developer
GitHub,azharhussain,Azhar Hussain,Entrepreneur | Software Engineering Leader | Enterprise Software Architect | Angel Investor | Mentor,ChargeUp Pvt Limited & Aladdin Informatics Pvt Limited,"Karachi, Pakistan",32,0,26,https://github.com/azharhussain,person,developer
GitHub,ihorkatkov,Ihor Katkov,"Builder and angel investor | Building AI-native products | Founding Engineer @neno-co | Previously: software agency, algorithmic trading | Amsterdam 🇳🇱  ",,Worldwide,31,52,20,https://github.com/ihorkatkov,person,developer
GitHub,ayorhan,Arda Yigithan Orhan,"🦾 Entrepreneur, ☁️ Cloud Architect, 🎙 Public Speaker, 🚀 Angel Investor  ","The Leapers, xLab London, The School of AI","Istanbul, Turkey",29,22,15,https://github.com/ayorhan,person,developer
GitHub,stuartsaunders,Stuart Saunders,🚀 Tech Founder 😇 Angel Investor,Glider Capital,"Honolulu, HI",29,8,1,https://github.com/stuartsaunders,person,developer
GitHub,fm1320,Filip Makraduli,"Master's grad from Imperial College London, ML engineer, very small angel investor, developer relations",,London,29,10,18,https://github.com/fm1320,person,developer
GitHub,sunboo,Prasun Jain,"Entrepreneur, data-driven product/growth guy across India and SE Asia. 2 Exits. Angel Investor. Startup Mentor",@barterli ,India,29,70,5,https://github.com/sunboo,person,developer
GitHub,andreidavid,Andrei David,"CTO @OasisDEX | Angel Investor,  Atomico Angel Program | Board Advisor | Ex @AWS, @FoundersFactory, @ElectronicArts  ",,London,26,33,15,https://github.com/andreidavid,person,developer
GitHub,Sakeeb91,Shafkat Rahman,ML Engineer | Private Equity Research Analyst | Physicist,Le Wagon,Montreal,78,79,170,https://github.com/Sakeeb91,person,developer
GitHub,avibarbour,"Avi Barbour, MSGL, SCRUM, Agile","GM/CIO/CITO of a Private Equity firm that leverages high-quality business intelligence data to invest in AI, InfoTech, FinTech, SaaS projects and companies. ","Siobahn Visconti, LP / SaaS","Fort Worth, Texas",73,1129,10,https://github.com/avibarbour,person,developer
GitHub,woopstar,Andreas Krüger,Principal | Former Tech Executive | M&A & Private Equity | Tech Due Diligence | AI & Cloud Strategy,BearingPoint,Denmark,57,23,66,https://github.com/woopstar,person,developer
GitHub,sedemmler,Steven Demmler,"Now: Data Scientist Then: Trader, Hedge Fund, Casino, Private Equity Working with: Python, PSQL Working on: Machine Learning, Data Science, Finance, Sports",Citigroup,"Tampa, FL",41,70,13,https://github.com/sedemmler,person,developer
GitHub,seran-shan,Seran Shanmugathas,Building tech in private equity | @fsn-capital | M.Sc. Computer Science | NTNU,FSN Capital Partners,Oslo,36,40,25,https://github.com/seran-shan,person,developer
GitHub,chronograph-pe,Chronograph,Private equity data and analytics,,New York,30,0,136,https://github.com/chronograph-pe,person,developer
GitHub,timkiely,Tim Kiely,data scientist working in private equity,,NYC,21,2,41,https://github.com/timkiely,person,developer
GitHub,why-el,Mohamed Wael Khobalatte,"Bits and private equity markets at @ontra-ai. Previously, bits and pricing engines at @vendrinc. Previously, bits and food at @grubhub, bits and cars at @pace.",@ontra-ai,"Cambridge, MA",17,2,18,https://github.com/why-el,person,developer
GitHub,lemikee,Mike Le,Full-stack Software Engineer | React-Redux | Ruby on Rails | PostgreSQL | Former Private Equity Analyst,,"Berkeley, CA",16,8,12,https://github.com/lemikee,person,developer
GitHub,PrideGlobal,Pride Global,PRIDE Global is a private equity holding company headquartered in New York.,,New york,16,0,0,https://github.com/PrideGlobal,person,developer
