source,title,link,published,summary,node_type,relationship_type
PR_NEWSWIRE,IQST - IQSTEL Inc. Announces Investor Conference Call to Discuss Q1 2026 Financial Results,https://www.prnewswire.com/news-releases/iqst---iqstel-inc-announces-investor-conference-call-to-discuss-q1-2026-financial-results-302778217.html,"Wed, 20 May 2026 22:02:00 +0000","NEW YORK, May 20, 2026 /PRNewswire/ -- IQSTEL Inc. (NASDAQ: IQST) (""IQSTEL"" or the ""Company""), a growing global telecommunications and technology company, announced today that it will host an investor conference call to discuss its financial results for the first quarter ended March 31,...",news,press_release
PR_NEWSWIRE,"En HelloNation, el Experto en Seguros Daniel C. DiCocco de Rockville, MD, Explica el Seguro de Auto para las Familias",https://www.prnewswire.com/news-releases/en-hellonation-el-experto-en-seguros-daniel-c-dicocco-de-rockville-md-explica-el-seguro-de-auto-para-las-familias-818936760.html,"Wed, 20 May 2026 21:05:00 +0000","ROCKVILLE, Md., 20 de mayo de 2026 /PRNewswire-HISPANIC PR WIRE/ -- ¿Qué tipo de seguro de auto necesitan realmente las familias en Maryland para estar protegidas? Esa es la pregunta clave que responde un artículo de HelloNation, donde participa el Experto en Seguros Daniel C. DiCocco, de...",news,press_release
PR_NEWSWIRE,CREFC Statement on Passage of House Amendment to the 21st Century ROAD to Housing Act (H.R. 6644),https://www.prnewswire.com/news-releases/crefc-statement-on-passage-of-house-amendment-to-the-21st-century-road-to-housing-act-hr-6644-302778208.html,"Wed, 20 May 2026 21:03:00 +0000","NEW YORK, May 20, 2026 /PRNewswire/ -- The CRE Finance Council (CREFC) applauds Congress for its efforts to advance legislation aimed at expanding housing supply and improving affordability. We believe these objectives are best achieved through policies that encourage investment in new...",news,press_release
PR_NEWSWIRE,AT&amp;amp;T Makes $19 Billion Commitment to Bring High-Speed Connectivity to California,https://www.prnewswire.com/news-releases/att-makes-19-billion-commitment-to-bring-high-speed-connectivity-to-california-302778184.html,"Wed, 20 May 2026 20:28:00 +0000","AT&T is modernizing California's network, moving away from aging copper infrastructure, to deliver reliable, affordable, always-on connectivity for customers statewide, supporting the next era of innovation and growth Key Takeaways: We're committing to invest $19 billion in California...",news,press_release
PR_NEWSWIRE,Greenberg Traurig Represents Taiba on SAR 2.4B/US$633.4M Joint Venture with Osool for Development of 3 Hotels in Kingdom of Saudi Arabia,https://www.prnewswire.com/news-releases/greenberg-traurig-represents-taiba-on-sar-2-4bus633-4m-joint-venture-with-osool-for-development-of-3-hotels-in-kingdom-of-saudi-arabia-302778124.html,"Wed, 20 May 2026 20:26:00 +0000","DUBAI, UAE, May 20, 2026 /PRNewswire/ -- A team from global law firm Greenberg Traurig represented Taiba Investments Co. (Taiba) on a SAR 2.4 billion/US$633.4 million joint venture agreement with Osool Integrated Real Estate Co. (Osool) for the ownership and development of three hotels in...",news,press_release
PR_NEWSWIRE,"WesBanco, Inc. Announces Approval of a Stock Repurchase Program Increase",https://www.prnewswire.com/news-releases/wesbanco-inc-announces-approval-of-a-stock-repurchase-program-increase-302777812.html,"Wed, 20 May 2026 20:15:00 +0000","WHEELING, W.Va., May 20, 2026 /PRNewswire/ -- WesBanco, Inc. (""WesBanco"") (Nasdaq:WSBC), a diversified, multi-state bank holding company, announced that the Board of Directors has authorized a 4.0 million share increase to the 3.2 million stock repurchase program approved by the Board on...",news,press_release
PR_NEWSWIRE,"If you purchased or acquired Unikoin Gold (UKG) directly from Unikrn, Inc., between June 11, 2017, and November 7, 20217, you may be eligible for a payment from the Unikrn Fair Fund.",https://www.prnewswire.com/news-releases/if-you-purchased-or-acquired-unikoin-gold-ukg-directly-from-unikrn-inc-between-june-11-2017-and-november-7-20217-you-may-be-eligible-for-a-payment-from-the-unikrn-fair-fund-302778105.html,"Wed, 20 May 2026 20:11:00 +0000","COSTA MESA, Calif., May 20, 2026 /PRNewswire/ -- The following statement is being issued by Simpluris, Inc., the SEC-appointed Fund Administrator. UNITED STATES OF AMERICA Before the SECURITIES AND EXCHANGE COMMISSION In the Matter of Unikrn, Inc. Administrative Proceeding File No....",news,press_release
GLOBENEWSWIRE,"PharmAla Biotech Signs Term Sheet to License Exclusive U.S. Rights to ALA-002, Its Next-Generation MDMA Therapeutic, to Jupiter Neurosciences, Inc. (NASDAQ: JUNS) in a Transaction Valued at Over $100 Million",https://www.globenewswire.com/news-release/2026/05/20/3298455/0/en/PharmAla-Biotech-Signs-Term-Sheet-to-License-Exclusive-U-S-Rights-to-ALA-002-Its-Next-Generation-MDMA-Therapeutic-to-Jupiter-Neurosciences-Inc-NASDAQ-JUNS-in-a-Transaction-Valued-a.html,"Wed, 20 May 2026 12:15 GMT","PharmAla Biotech Signs Term Sheet to License Exclusive U.S. Rights to ALA-002 to Jupiter Neurosciences in a Transaction
Valued at Over $100 Million USD",news,press_release
GLOBENEWSWIRE,SERB Pharmaceuticals acquiert auprès de Hansa Biopharma les droits européens et MENA d’Idefirix® (imlifidase) pour 115 millions d’euros,https://www.globenewswire.com/news-release/2026/05/20/3298163/0/fr/SERB-Pharmaceuticals-acquiert-aupr%C3%A8s-de-Hansa-Biopharma-les-droits-europ%C3%A9ens-et-MENA-d-Idefirix-imlifidase-pour-115-millions-d-euros.html,"Wed, 20 May 2026 05:51 GMT","BRUXELLES,  20 mai 2026  (GLOBE NEWSWIRE) -- SERB Pharmaceuticals, ci-après « SERB », et Hansa Biopharma AB, ci-après « Hansa » (Nasdaq Stockholm : HNSA) annoncent la conclusion d’un accord portant sur l’acquisition, par SERB, des droits exclusifs de développement et de commercialisation d’Idefirix®",news,press_release
GLOBENEWSWIRE,SERB Pharmaceuticals to acquire European and MENA rights to Idefirix® (imlifidase) from Hansa Biopharma for €115 million,https://www.globenewswire.com/news-release/2026/05/19/3297132/0/en/SERB-Pharmaceuticals-to-acquire-European-and-MENA-rights-to-Idefirix-imlifidase-from-Hansa-Biopharma-for-115-million.html,"Tue, 19 May 2026 05:30 GMT",SERB Pharmaceuticals to acquire development and commercialisation rights to Idefirix® (imlifidase) in Europe and MENA from Hansa Biopharma for €115 million,news,press_release
GLOBENEWSWIRE,JAKKS Pacific and Stanley Black &amp; Decker Extend Iconic BLACK+DECKER™ Toy Licensing Partnership Through 2028,https://www.globenewswire.com/news-release/2026/05/18/3296685/0/en/JAKKS-Pacific-and-Stanley-Black-Decker-Extend-Iconic-BLACK-DECKER-Toy-Licensing-Partnership-Through-2028.html,"Mon, 18 May 2026 13:00 GMT","Trusted brand collaboration continues to inspire the next generation of young builders, chefs and homemakers Trusted brand collaboration continues to inspire the next generation of young builders, chefs and homemakers",news,press_release
GLOBENEWSWIRE,Horizon Group USA Partners with Minecraft for New Line of Licensed Products,https://www.globenewswire.com/news-release/2026/05/15/3295857/0/en/Horizon-Group-USA-Partners-with-Minecraft-for-New-Line-of-Licensed-Products.html,"Fri, 15 May 2026 12:55 GMT","This new partnership connects fans through creativity, transforming digital fandom into shared, hands-on play experiences This new partnership connects fans through creativity, transforming digital fandom into shared, hands-on play experiences",news,press_release
GLOBENEWSWIRE,Arvinas and Pfizer Enter into a Transaction with Rigel Pharmaceuticals for the Exclusive Global Rights of VEPPANU (vepdegestrant),https://www.globenewswire.com/news-release/2026/05/12/3292683/0/en/Arvinas-and-Pfizer-Enter-into-a-Transaction-with-Rigel-Pharmaceuticals-for-the-Exclusive-Global-Rights-of-VEPPANU-vepdegestrant.html,"Tue, 12 May 2026 11:00 GMT","– Arvinas and Pfizer to receive $85 million in upfront and transition payments with potential for additional $320 million in development, regulatory, and commercial milestones and tiered royalites on net sales –",news,press_release
