source,company_name,cik,filing_type,filing_date,date,link,node_type,relationship_type
SEC_F1,Mobile-health Network Solutions  (MNDR)  (CIK 0001976695),0001976695,F-1/A,2026-04-24,2026-04-24,https://www.sec.gov/Archives/edgar/data/1976695/000149315226018824/0001493152-26-018824-index.htm,firm,foreign_ipo
SEC_F1,Polyrizon Ltd.  (PLRZ)  (CIK 0001893645),0001893645,F-1/A,2026-04-30,2026-04-30,https://www.sec.gov/Archives/edgar/data/1893645/000121390026050347/0001213900-26-050347-index.htm,firm,foreign_ipo
SEC_F1,Guardian Metal Resources PLC  (GMTL)  (CIK 0002039972),0002039972,F-1,2026-05-06,2026-05-06,https://www.sec.gov/Archives/edgar/data/2039972/000110465926055955/0001104659-26-055955-index.htm,firm,foreign_ipo
SEC_F1,Student Living EduVation (Holdings) Corp  (CIK 0002083843),0002083843,F-1/A,2026-05-01,2026-05-01,https://www.sec.gov/Archives/edgar/data/2083843/000118518526001687/0001185185-26-001687-index.htm,firm,foreign_ipo
SEC_F1,"Optimi Health Corp.  (OPTH, OPTHF)  (CIK 0002027329)",0002027329,F-1/A,2026-04-21,2026-04-21,https://www.sec.gov/Archives/edgar/data/2027329/000119312526166745/0001193125-26-166745-index.htm,firm,foreign_ipo
SEC_F1,TOP SHIPS INC.  (TOPS)  (CIK 0001296484),0001296484,F-1/A,2026-05-13,2026-05-13,https://www.sec.gov/Archives/edgar/data/1296484/000117184326003373/0001171843-26-003373-index.htm,firm,foreign_ipo
SEC_F1,NetClass Technology Inc  (NTCL)  (CIK 0001927578),0001927578,F-1,2026-04-20,2026-04-20,https://www.sec.gov/Archives/edgar/data/1927578/000110465926045532/0001104659-26-045532-index.htm,firm,foreign_ipo
SEC_F1,"Blue Gold Ltd  (BGL, BGLWW)  (CIK 0002019435)",0002019435,F-1,2026-05-07,2026-05-07,https://www.sec.gov/Archives/edgar/data/2019435/000121390026052984/0001213900-26-052984-index.htm,firm,foreign_ipo
SEC_F1,Polyrizon Ltd.  (PLRZ)  (CIK 0001893645),0001893645,F-1,2026-04-23,2026-04-23,https://www.sec.gov/Archives/edgar/data/1893645/000121390026047091/0001213900-26-047091-index.htm,firm,foreign_ipo
SEC_F1,Verdera Energy Corp.  (CIK 0002111453),0002111453,F-1,2026-04-30,2026-04-30,https://www.sec.gov/Archives/edgar/data/2111453/000110465926052783/0001104659-26-052783-index.htm,firm,foreign_ipo
SEC_F1,"SCHMID Group N.V.  (SHMD, SHMDW)  (CIK 0001987240)",0001987240,F-1,2026-05-19,2026-05-19,https://www.sec.gov/Archives/edgar/data/1987240/000110465926063338/0001104659-26-063338-index.htm,firm,foreign_ipo
SEC_F1,Black Titan Corp  (BTTC)  (CIK 0002034400),0002034400,F-1/A,2026-05-12,2026-05-12,https://www.sec.gov/Archives/edgar/data/2034400/000149315226022497/0001493152-26-022497-index.htm,firm,foreign_ipo
SEC_F1,Dreamland Ltd  (TDIC)  (CIK 0002041338),0002041338,F-1,2026-05-04,2026-05-04,https://www.sec.gov/Archives/edgar/data/2041338/000149315226021147/0001493152-26-021147-index.htm,firm,foreign_ipo
SEC_F1,Tian'an Technology Group Ltd  (TANAF)  (CIK 0001941189),0001941189,F-1,2026-05-08,2026-05-08,https://www.sec.gov/Archives/edgar/data/1941189/000149315226021935/0001493152-26-021935-index.htm,firm,foreign_ipo
SEC_F1,Rubico Inc.  (RUBI)  (CIK 0001943421),0001943421,F-1,2026-04-21,2026-04-21,https://www.sec.gov/Archives/edgar/data/1943421/000117184326002573/0001171843-26-002573-index.htm,firm,foreign_ipo
SEC_F1,TOP SHIPS INC.  (TOPS)  (CIK 0001296484),0001296484,F-1,2026-04-24,2026-04-24,https://www.sec.gov/Archives/edgar/data/1296484/000117184326002707/0001171843-26-002707-index.htm,firm,foreign_ipo
SEC_F1,3 KNIGHTS DYNAMICS GROUP Ltd  (CIK 0002092287),0002092287,F-1,2026-05-19,2026-05-19,https://www.sec.gov/Archives/edgar/data/2092287/000149315226024328/0001493152-26-024328-index.htm,firm,foreign_ipo
SEC_F1,CALM Chain International Ltd  (CCIL)  (CIK 0002083945),0002083945,F-1/A,2026-05-14,2026-05-14,https://www.sec.gov/Archives/edgar/data/2083945/000121390026056439/0001213900-26-056439-index.htm,firm,foreign_ipo
SEC_F1,Neutrans Inc.  (NEUT)  (CIK 0002065741),0002065741,F-1/A,2026-04-22,2026-04-22,https://www.sec.gov/Archives/edgar/data/2065741/000121390026046310/0001213900-26-046310-index.htm,firm,foreign_ipo
SEC_F1,PHAOS TECHNOLOGY HOLDINGS (CAYMAN) Ltd  (POAS)  (CIK 0002024258),0002024258,F-1,2026-05-18,2026-05-18,https://www.sec.gov/Archives/edgar/data/2024258/000149315226024238/0001493152-26-024238-index.htm,firm,foreign_ipo
SEC_F1,I Bella Perfect Inc.  (IBL)  (CIK 0002075038),0002075038,F-1/A,2026-04-29,2026-04-29,https://www.sec.gov/Archives/edgar/data/2075038/000121390026049006/0001213900-26-049006-index.htm,firm,foreign_ipo
SEC_F1,Wealth Management System Inc.  (GIVE)  (CIK 0002074158),0002074158,F-1/A,2026-05-01,2026-05-01,https://www.sec.gov/Archives/edgar/data/2074158/000149315226020854/0001493152-26-020854-index.htm,firm,foreign_ipo
SEC_F1,Rubico Inc.  (RUBI)  (CIK 0001943421),0001943421,F-1,2026-05-08,2026-05-08,https://www.sec.gov/Archives/edgar/data/1943421/000117184326003217/0001171843-26-003217-index.htm,firm,foreign_ipo
SEC_F1,TOP SHIPS INC.  (TOPS)  (CIK 0001296484),0001296484,F-1,2026-04-27,2026-04-27,https://www.sec.gov/Archives/edgar/data/1296484/000117184326002711/0001171843-26-002711-index.htm,firm,foreign_ipo
SEC_F1,Verdera Energy Corp.  (CIK 0002111453),0002111453,F-1,2026-04-30,2026-04-30,https://www.sec.gov/Archives/edgar/data/2111453/000110465926052783/0001104659-26-052783-index.htm,firm,foreign_ipo
SEC_F1,PRF Technologies Ltd.  (PRFX)  (CIK 0001801834),0001801834,F-1,2026-05-13,2026-05-13,https://www.sec.gov/Archives/edgar/data/1801834/000117891326002645/0001178913-26-002645-index.htm,firm,foreign_ipo
SEC_F1,ROZE AI INC.  (CIK 0002075335),0002075335,F-1,2026-05-11,2026-05-11,https://www.sec.gov/Archives/edgar/data/2075335/000121390026054085/0001213900-26-054085-index.htm,firm,foreign_ipo
SEC_F1,"Micware Co., Ltd.  (MWC)  (CIK 0002083526)",0002083526,F-1/A,2026-04-27,2026-04-27,https://www.sec.gov/Archives/edgar/data/2083526/000182912626003987/0001829126-26-003987-index.htm,firm,foreign_ipo
SEC_F1,Student Living EduVation (Holdings) Corp  (CIK 0002083843),0002083843,F-1/A,2026-05-01,2026-05-01,https://www.sec.gov/Archives/edgar/data/2083843/000118518526001687/0001185185-26-001687-index.htm,firm,foreign_ipo
SEC_F1,Suchness Tech Ltd  (CIK 0002104032),0002104032,F-1,2026-05-12,2026-05-12,https://www.sec.gov/Archives/edgar/data/2104032/000121390026054650/0001213900-26-054650-index.htm,firm,foreign_ipo
SEC_F1,Nuclea Energy Inc.  (NCLA)  (CIK 0002101996),0002101996,F-1/A,2026-04-29,2026-04-29,https://www.sec.gov/Archives/edgar/data/2101996/000121390026049394/0001213900-26-049394-index.htm,firm,foreign_ipo
SEC_F1,Guardian Metal Resources PLC  (GMTL)  (CIK 0002039972),0002039972,F-1,2026-05-06,2026-05-06,https://www.sec.gov/Archives/edgar/data/2039972/000110465926055955/0001104659-26-055955-index.htm,firm,foreign_ipo
SEC_F1,Zhibao Technology Inc.  (ZBAO)  (CIK 0001966750),0001966750,F-1,2026-04-23,2026-04-23,https://www.sec.gov/Archives/edgar/data/1966750/000121390026047092/0001213900-26-047092-index.htm,firm,foreign_ipo
SEC_F1,WEBUY GLOBAL LTD  (WBUY)  (CIK 0001946703),0001946703,F-1,2026-05-06,2026-05-06,https://www.sec.gov/Archives/edgar/data/1946703/000121390026052856/0001213900-26-052856-index.htm,firm,foreign_ipo
SEC_F1,Wealth Management System Inc.  (GIVE)  (CIK 0002074158),0002074158,F-1/A,2026-05-01,2026-05-01,https://www.sec.gov/Archives/edgar/data/2074158/000149315226020854/0001493152-26-020854-index.htm,firm,foreign_ipo
SEC_F1,Uptrend Holdings Ltd  (UPX)  (CIK 0002046370),0002046370,F-1/A,2026-04-27,2026-04-27,https://www.sec.gov/Archives/edgar/data/2046370/000121390026047926/0001213900-26-047926-index.htm,firm,foreign_ipo
SEC_F1,Web3Labs Global Inc.  (CIK 0002091521),0002091521,F-1,2026-05-13,2026-05-13,https://www.sec.gov/Archives/edgar/data/2091521/000121390026055380/0001213900-26-055380-index.htm,firm,foreign_ipo
SEC_F1,"Libera Gaming Operations, Inc  (LBRJ)  (CIK 0001999119)",0001999119,F-1/A,2026-05-15,2026-05-15,https://www.sec.gov/Archives/edgar/data/1999119/000149315226023432/0001493152-26-023432-index.htm,firm,foreign_ipo
SEC_F1,WEBUY GLOBAL LTD  (WBUY)  (CIK 0001946703),0001946703,F-1,2026-05-06,2026-05-06,https://www.sec.gov/Archives/edgar/data/1946703/000121390026052856/0001213900-26-052856-index.htm,firm,foreign_ipo
SEC_F1,"Optimi Health Corp.  (OPTH, OPTHF)  (CIK 0002027329)",0002027329,F-1/A,2026-04-21,2026-04-21,https://www.sec.gov/Archives/edgar/data/2027329/000119312526166745/0001193125-26-166745-index.htm,firm,foreign_ipo
SEC_F1,SunScout Holding Ltd  (CIK 0002101240),0002101240,F-1,2026-04-22,2026-04-22,https://www.sec.gov/Archives/edgar/data/2101240/000121390026046656/0001213900-26-046656-index.htm,firm,foreign_ipo
SEC_F1,"CoinShares PLC  (CSHR, CSHRW)  (CIK 0002087587)",0002087587,F-1,2026-05-15,2026-05-15,https://www.sec.gov/Archives/edgar/data/2087587/000121390026057731/0001213900-26-057731-index.htm,firm,foreign_ipo
SEC_F1,ROZE AI INC.  (CIK 0002075335),0002075335,F-1,2026-05-11,2026-05-11,https://www.sec.gov/Archives/edgar/data/2075335/000121390026054085/0001213900-26-054085-index.htm,firm,foreign_ipo
SEC_F1,Verdera Energy Corp.  (CIK 0002111453),0002111453,F-1,2026-04-30,2026-04-30,https://www.sec.gov/Archives/edgar/data/2111453/000110465926052783/0001104659-26-052783-index.htm,firm,foreign_ipo
SEC_F1,MetaOptics Ltd  (CIK 0002099681),0002099681,F-1,2026-05-04,2026-05-04,https://www.sec.gov/Archives/edgar/data/2099681/000121390026051378/0001213900-26-051378-index.htm,firm,foreign_ipo
SEC_F1,"SCHMID Group N.V.  (SHMD, SHMDW)  (CIK 0001987240)",0001987240,F-1,2026-05-19,2026-05-19,https://www.sec.gov/Archives/edgar/data/1987240/000110465926063338/0001104659-26-063338-index.htm,firm,foreign_ipo
SEC_F1,FF Global Holdings Ltd  (FFGG)  (CIK 0002102972),0002102972,F-1/A,2026-05-14,2026-05-14,https://www.sec.gov/Archives/edgar/data/2102972/000121390026056419/0001213900-26-056419-index.htm,firm,foreign_ipo
SEC_F1,"Optimi Health Corp.  (OPTH, OPTHF)  (CIK 0002027329)",0002027329,F-1/A,2026-04-21,2026-04-21,https://www.sec.gov/Archives/edgar/data/2027329/000119312526165337/0001193125-26-165337-index.htm,firm,foreign_ipo
SEC_F1,Tarsier Pharma Ltd.  (CIK 0002102720),0002102720,F-1,2026-04-21,2026-04-21,https://www.sec.gov/Archives/edgar/data/2102720/000121390026046063/0001213900-26-046063-index.htm,firm,foreign_ipo
SEC_F1,ROZE AI INC.  (CIK 0002075335),0002075335,F-1,2026-05-11,2026-05-11,https://www.sec.gov/Archives/edgar/data/2075335/000121390026054085/0001213900-26-054085-index.htm,firm,foreign_ipo
SEC_F1,Polyrizon Ltd.  (PLRZ)  (CIK 0001893645),0001893645,F-1,2026-04-23,2026-04-23,https://www.sec.gov/Archives/edgar/data/1893645/000121390026047091/0001213900-26-047091-index.htm,firm,foreign_ipo
SEC_F1,One & one Green Technologies. INC  (YDDL)  (CIK 0002034723),0002034723,F-1,2026-05-19,2026-05-19,https://www.sec.gov/Archives/edgar/data/2034723/000121390026058682/0001213900-26-058682-index.htm,firm,foreign_ipo
SEC_F1,REGENTIS BIOMATERIALS LTD.  (RGNT)  (CIK 0001912966),0001912966,F-1,2026-05-01,2026-05-01,https://www.sec.gov/Archives/edgar/data/1912966/000121390026051034/0001213900-26-051034-index.htm,firm,foreign_ipo
SEC_F1,"Optimi Health Corp.  (OPTH, OPTHF)  (CIK 0002027329)",0002027329,F-1/A,2026-04-21,2026-04-21,https://www.sec.gov/Archives/edgar/data/2027329/000119312526165337/0001193125-26-165337-index.htm,firm,foreign_ipo
SEC_F1,Neutrans Inc.  (NEUT)  (CIK 0002065741),0002065741,F-1/A,2026-04-22,2026-04-22,https://www.sec.gov/Archives/edgar/data/2065741/000121390026046310/0001213900-26-046310-index.htm,firm,foreign_ipo
SEC_F1,MetaOptics Ltd  (MOT)  (CIK 0002099681),0002099681,F-1/A,2026-05-18,2026-05-18,https://www.sec.gov/Archives/edgar/data/2099681/000121390026058433/0001213900-26-058433-index.htm,firm,foreign_ipo
SEC_F1,REGENTIS BIOMATERIALS LTD.  (RGNT)  (CIK 0001912966),0001912966,F-1,2026-05-01,2026-05-01,https://www.sec.gov/Archives/edgar/data/1912966/000121390026051034/0001213900-26-051034-index.htm,firm,foreign_ipo
SEC_F1,REGENTIS BIOMATERIALS LTD.  (RGNT)  (CIK 0001912966),0001912966,F-1,2026-05-01,2026-05-01,https://www.sec.gov/Archives/edgar/data/1912966/000121390026051034/0001213900-26-051034-index.htm,firm,foreign_ipo
SEC_F1,Nuclea Energy Inc.  (NCLA)  (CIK 0002101996),0002101996,F-1/A,2026-04-29,2026-04-29,https://www.sec.gov/Archives/edgar/data/2101996/000121390026049394/0001213900-26-049394-index.htm,firm,foreign_ipo
SEC_F1,Xanadu Quantum Technologies Ltd  (XNDU)  (CIK 0002097163),0002097163,F-1,2026-04-23,2026-04-23,https://www.sec.gov/Archives/edgar/data/2097163/000121390026046889/0001213900-26-046889-index.htm,firm,foreign_ipo
SEC_F1,Tarsier Pharma Ltd.  (TARX)  (CIK 0002102720),0002102720,F-1/A,2026-05-18,2026-05-18,https://www.sec.gov/Archives/edgar/data/2102720/000121390026058235/0001213900-26-058235-index.htm,firm,foreign_ipo
SEC_F1,Elong Power Holding Ltd.  (ELPW)  (CIK 0002015691),0002015691,F-1,2026-05-12,2026-05-12,https://www.sec.gov/Archives/edgar/data/2015691/000149315226022325/0001493152-26-022325-index.htm,firm,foreign_ipo
SEC_F1,Nuclea Energy Inc.  (NCLA)  (CIK 0002101996),0002101996,F-1/A,2026-05-14,2026-05-14,https://www.sec.gov/Archives/edgar/data/2101996/000121390026056075/0001213900-26-056075-index.htm,firm,foreign_ipo
SEC_F1,Rubico Inc.  (RUBI)  (CIK 0001943421),0001943421,F-1,2026-05-08,2026-05-08,https://www.sec.gov/Archives/edgar/data/1943421/000117184326003217/0001171843-26-003217-index.htm,firm,foreign_ipo
SEC_F1,Tarsier Pharma Ltd.  (TARX)  (CIK 0002102720),0002102720,F-1/A,2026-05-18,2026-05-18,https://www.sec.gov/Archives/edgar/data/2102720/000121390026058235/0001213900-26-058235-index.htm,firm,foreign_ipo
SEC_F1,"Blue Gold Ltd  (BGL, BGLWW)  (CIK 0002019435)",0002019435,F-1,2026-05-07,2026-05-07,https://www.sec.gov/Archives/edgar/data/2019435/000121390026052984/0001213900-26-052984-index.htm,firm,foreign_ipo
SEC_F1,Zhongchao Inc.  (ZCMD)  (CIK 0001785566),0001785566,F-1,2026-05-07,2026-05-07,https://www.sec.gov/Archives/edgar/data/1785566/000121390026053208/0001213900-26-053208-index.htm,firm,foreign_ipo
SEC_F1,Tian'an Technology Group Ltd  (TANAF)  (CIK 0001941189),0001941189,F-1,2026-05-08,2026-05-08,https://www.sec.gov/Archives/edgar/data/1941189/000149315226021935/0001493152-26-021935-index.htm,firm,foreign_ipo
SEC_F1,Xanadu Quantum Technologies Ltd  (XNDU)  (CIK 0002097163),0002097163,F-1,2026-04-23,2026-04-23,https://www.sec.gov/Archives/edgar/data/2097163/000121390026046889/0001213900-26-046889-index.htm,firm,foreign_ipo
SEC_F1,Zhongchao Inc.  (ZCMD)  (CIK 0001785566),0001785566,F-1,2026-05-07,2026-05-07,https://www.sec.gov/Archives/edgar/data/1785566/000121390026053208/0001213900-26-053208-index.htm,firm,foreign_ipo
SEC_F1,Guardian Metal Resources PLC  (GMTL)  (CIK 0002039972),0002039972,F-1,2026-05-06,2026-05-06,https://www.sec.gov/Archives/edgar/data/2039972/000110465926055955/0001104659-26-055955-index.htm,firm,foreign_ipo
SEC_F1,Rubico Inc.  (RUBI)  (CIK 0001943421),0001943421,F-1,2026-05-08,2026-05-08,https://www.sec.gov/Archives/edgar/data/1943421/000117184326003217/0001171843-26-003217-index.htm,firm,foreign_ipo
SEC_F1,MetaOptics Ltd  (CIK 0002099681),0002099681,F-1,2026-05-04,2026-05-04,https://www.sec.gov/Archives/edgar/data/2099681/000121390026051378/0001213900-26-051378-index.htm,firm,foreign_ipo
SEC_F1,TOP SHIPS INC.  (TOPS)  (CIK 0001296484),0001296484,F-1,2026-04-24,2026-04-24,https://www.sec.gov/Archives/edgar/data/1296484/000117184326002707/0001171843-26-002707-index.htm,firm,foreign_ipo
SEC_F1,"Optimi Health Corp.  (OPTH, OPTHF)  (CIK 0002027329)",0002027329,F-1/A,2026-05-19,2026-05-19,https://www.sec.gov/Archives/edgar/data/2027329/000119312526229774/0001193125-26-229774-index.htm,firm,foreign_ipo
SEC_F1,FF Global Holdings Ltd  (FFGG)  (CIK 0002102972),0002102972,F-1/A,2026-05-14,2026-05-14,https://www.sec.gov/Archives/edgar/data/2102972/000121390026056419/0001213900-26-056419-index.htm,firm,foreign_ipo
SEC_F1,Rubico Inc.  (RUBI)  (CIK 0001943421),0001943421,F-1,2026-04-21,2026-04-21,https://www.sec.gov/Archives/edgar/data/1943421/000117184326002573/0001171843-26-002573-index.htm,firm,foreign_ipo
SEC_F1,Guardian Metal Resources PLC  (GMTL)  (CIK 0002039972),0002039972,F-1,2026-05-06,2026-05-06,https://www.sec.gov/Archives/edgar/data/2039972/000110465926055955/0001104659-26-055955-index.htm,firm,foreign_ipo
SEC_F1,SunScout Holding Ltd  (CIK 0002101240),0002101240,F-1,2026-04-22,2026-04-22,https://www.sec.gov/Archives/edgar/data/2101240/000121390026046656/0001213900-26-046656-index.htm,firm,foreign_ipo
SEC_F1,Gravity AI  (CIK 0002084806),0002084806,F-1/A,2026-04-29,2026-04-29,https://www.sec.gov/Archives/edgar/data/2084806/000149315226019514/0001493152-26-019514-index.htm,firm,foreign_ipo
SEC_F1,FF Global Holdings Ltd  (FFGG)  (CIK 0002102972),0002102972,F-1/A,2026-05-14,2026-05-14,https://www.sec.gov/Archives/edgar/data/2102972/000121390026056419/0001213900-26-056419-index.htm,firm,foreign_ipo
SEC_F1,Polyrizon Ltd.  (PLRZ)  (CIK 0001893645),0001893645,F-1,2026-04-23,2026-04-23,https://www.sec.gov/Archives/edgar/data/1893645/000121390026047091/0001213900-26-047091-index.htm,firm,foreign_ipo
SEC_F1,Hacker Interstellar Inc.  (CIK 0002070237),0002070237,F-1/A,2026-05-12,2026-05-12,https://www.sec.gov/Archives/edgar/data/2070237/000121390026054761/0001213900-26-054761-index.htm,firm,foreign_ipo
SEC_F1,Suchness Tech Ltd  (CIK 0002104032),0002104032,F-1,2026-05-12,2026-05-12,https://www.sec.gov/Archives/edgar/data/2104032/000121390026054650/0001213900-26-054650-index.htm,firm,foreign_ipo
SEC_F1,NetClass Technology Inc  (NTCL)  (CIK 0001927578),0001927578,F-1,2026-04-20,2026-04-20,https://www.sec.gov/Archives/edgar/data/1927578/000110465926045532/0001104659-26-045532-index.htm,firm,foreign_ipo
SEC_F1,PHAOS TECHNOLOGY HOLDINGS (CAYMAN) Ltd  (POAS)  (CIK 0002024258),0002024258,F-1,2026-05-18,2026-05-18,https://www.sec.gov/Archives/edgar/data/2024258/000149315226024238/0001493152-26-024238-index.htm,firm,foreign_ipo
SEC_F1,I Bella Perfect Inc.  (IBL)  (CIK 0002075038),0002075038,F-1/A,2026-04-29,2026-04-29,https://www.sec.gov/Archives/edgar/data/2075038/000121390026049006/0001213900-26-049006-index.htm,firm,foreign_ipo
SEC_F1,Web3Labs Global Inc.  (CIK 0002091521),0002091521,F-1,2026-05-13,2026-05-13,https://www.sec.gov/Archives/edgar/data/2091521/000121390026055380/0001213900-26-055380-index.htm,firm,foreign_ipo
SEC_F1,Tarsier Pharma Ltd.  (TARX)  (CIK 0002102720),0002102720,F-1/A,2026-05-18,2026-05-18,https://www.sec.gov/Archives/edgar/data/2102720/000121390026058235/0001213900-26-058235-index.htm,firm,foreign_ipo
SEC_F1,SunScout Holding Ltd  (CIK 0002101240),0002101240,F-1,2026-04-22,2026-04-22,https://www.sec.gov/Archives/edgar/data/2101240/000121390026046656/0001213900-26-046656-index.htm,firm,foreign_ipo
SEC_F1,"Blue Gold Ltd  (BGL, BGLWW)  (CIK 0002019435)",0002019435,F-1,2026-05-07,2026-05-07,https://www.sec.gov/Archives/edgar/data/2019435/000121390026052984/0001213900-26-052984-index.htm,firm,foreign_ipo
SEC_F1,Web3Labs Global Inc.  (CIK 0002091521),0002091521,F-1,2026-05-13,2026-05-13,https://www.sec.gov/Archives/edgar/data/2091521/000121390026055380/0001213900-26-055380-index.htm,firm,foreign_ipo
SEC_F1,TOP SHIPS INC.  (TOPS)  (CIK 0001296484),0001296484,F-1,2026-04-27,2026-04-27,https://www.sec.gov/Archives/edgar/data/1296484/000117184326002711/0001171843-26-002711-index.htm,firm,foreign_ipo
SEC_F1,SunScout Holding Ltd  (CIK 0002101240),0002101240,F-1,2026-04-22,2026-04-22,https://www.sec.gov/Archives/edgar/data/2101240/000121390026046656/0001213900-26-046656-index.htm,firm,foreign_ipo
SEC_F1,Nuclea Energy Inc.  (NCLA)  (CIK 0002101996),0002101996,F-1/A,2026-04-29,2026-04-29,https://www.sec.gov/Archives/edgar/data/2101996/000121390026049394/0001213900-26-049394-index.htm,firm,foreign_ipo
SEC_F1,NetClass Technology Inc  (NTCL)  (CIK 0001927578),0001927578,F-1,2026-04-20,2026-04-20,https://www.sec.gov/Archives/edgar/data/1927578/000110465926045532/0001104659-26-045532-index.htm,firm,foreign_ipo
SEC_F1,"CoinShares PLC  (CSHR, CSHRW)  (CIK 0002087587)",0002087587,F-1,2026-05-15,2026-05-15,https://www.sec.gov/Archives/edgar/data/2087587/000121390026057731/0001213900-26-057731-index.htm,firm,foreign_ipo
SEC_F1,Lannister Mining Corp.  (CIK 0001851535),0001851535,F-1/A,2026-05-11,2026-05-11,https://www.sec.gov/Archives/edgar/data/1851535/000121390026054149/0001213900-26-054149-index.htm,firm,foreign_ipo
SEC_F1,Suchness Tech Ltd  (CIK 0002104032),0002104032,F-1,2026-05-12,2026-05-12,https://www.sec.gov/Archives/edgar/data/2104032/000121390026054650/0001213900-26-054650-index.htm,firm,foreign_ipo
SEC_F1,Student Living EduVation (Holdings) Corp  (CIK 0002083843),0002083843,F-1/A,2026-05-01,2026-05-01,https://www.sec.gov/Archives/edgar/data/2083843/000118518526001687/0001185185-26-001687-index.htm,firm,foreign_ipo
