source,filer_name,cik,filing_type,filing_date,date,link,node_type,relationship_type
SEC_FORM4,Sport City Cadiz S.L.  (CIK 0002099083),0002099083,4,2026-04-27,2026-04-27,https://www.sec.gov/Archives/edgar/data/2099083/000149315226019126/0001493152-26-019126-index.htm,person,insider_transaction
SEC_FORM4,Sport City Cadiz S.L.  (CIK 0002099083),0002099083,4,2026-04-27,2026-04-27,https://www.sec.gov/Archives/edgar/data/2099083/000149315226019127/0001493152-26-019127-index.htm,person,insider_transaction
SEC_FORM4,"Insight Holdings Group, LLC  (CIK 0001305473)",0001305473,4,2026-05-12,2026-05-12,https://www.sec.gov/Archives/edgar/data/1305473/000089914026000439/0000899140-26-000439-index.htm,person,insider_transaction
SEC_FORM4,Howley W Nicholas  (CIK 0001352573),0001352573,4,2026-05-19,2026-05-19,https://www.sec.gov/Archives/edgar/data/1352573/000135257326000007/0001352573-26-000007-index.htm,person,insider_transaction
SEC_FORM4,Sport City Cadiz S.L.  (CIK 0002099083),0002099083,4,2026-04-27,2026-04-27,https://www.sec.gov/Archives/edgar/data/2099083/000149315226019123/0001493152-26-019123-index.htm,person,insider_transaction
SEC_FORM4,Colgrove John  (CIK 0001651902),0001651902,4,2026-05-13,2026-05-13,https://www.sec.gov/Archives/edgar/data/1651902/000165190226000011/0001651902-26-000011-index.htm,person,insider_transaction
SEC_FORM4,Speiser Michael L  (CIK 0001433644),0001433644,4,2026-05-04,2026-05-04,https://www.sec.gov/Archives/edgar/data/1433644/000143364426000007/0001433644-26-000007-index.htm,person,insider_transaction
SEC_FORM4,Pentwater Capital Management LP  (CIK 0001425851),0001425851,4,2026-04-28,2026-04-28,https://www.sec.gov/Archives/edgar/data/1425851/000090266426002181/0000902664-26-002181-index.htm,person,insider_transaction
SEC_FORM4,Pentwater Capital Management LP  (CIK 0001425851),0001425851,4/A,2026-05-12,2026-05-12,https://www.sec.gov/Archives/edgar/data/1425851/000090266426002385/0000902664-26-002385-index.htm,person,insider_transaction
SEC_FORM4,Pentwater Capital Management LP  (CIK 0001425851),0001425851,4,2026-04-28,2026-04-28,https://www.sec.gov/Archives/edgar/data/1425851/000090266426002185/0000902664-26-002185-index.htm,person,insider_transaction
SEC_FORM4,Paradis Paul  (CIK 0001865019),0001865019,4,2026-05-11,2026-05-11,https://www.sec.gov/Archives/edgar/data/1865019/000166299126000069/0001662991-26-000069-index.htm,person,insider_transaction
SEC_FORM4,Pentwater Capital Management LP  (CIK 0001425851),0001425851,4/A,2026-05-12,2026-05-12,https://www.sec.gov/Archives/edgar/data/1425851/000090266426002381/0000902664-26-002381-index.htm,person,insider_transaction
SEC_FORM4,Gajendra Sanjay  (CIK 0001998179),0001998179,4,2026-05-11,2026-05-11,https://www.sec.gov/Archives/edgar/data/1998179/000199817926000013/0001998179-26-000013-index.htm,person,insider_transaction
SEC_FORM4,Hu Nan  (CIK 0001965420),0001965420,4,2026-04-30,2026-04-30,https://www.sec.gov/Archives/edgar/data/1965420/000121390026049691/0001213900-26-049691-index.htm,person,insider_transaction
SEC_FORM4,Magnetar Financial LLC  (CIK 0001352851),0001352851,4,2026-04-24,2026-04-24,https://www.sec.gov/Archives/edgar/data/1352851/000110465926048784/0001104659-26-048784-index.htm,person,insider_transaction
SEC_FORM4,Pentwater Capital Management LP  (CIK 0001425851),0001425851,4,2026-04-28,2026-04-28,https://www.sec.gov/Archives/edgar/data/1425851/000090266426002186/0000902664-26-002186-index.htm,person,insider_transaction
SEC_FORM4,Fennell Mark  (CIK 0002131255),0002131255,4,2026-05-12,2026-05-12,https://www.sec.gov/Archives/edgar/data/2131255/000213125526000005/0002131255-26-000005-index.htm,person,insider_transaction
SEC_FORM4,Vellines Jeffrey  (CIK 0002052369),0002052369,4,2026-04-29,2026-04-29,https://www.sec.gov/Archives/edgar/data/2052369/000000894726000103/0000008947-26-000103-index.htm,person,insider_transaction
SEC_FORM4,Pentwater Capital Management LP  (CIK 0001425851),0001425851,4/A,2026-05-12,2026-05-12,https://www.sec.gov/Archives/edgar/data/1425851/000090266426002383/0000902664-26-002383-index.htm,person,insider_transaction
SEC_FORM4,Luo Yuling  (CIK 0002126941),0002126941,4,2026-04-20,2026-04-20,https://www.sec.gov/Archives/edgar/data/2126941/000212694126000004/0002126941-26-000004-index.htm,person,insider_transaction
SEC_FORM4,Collier Charles  (CIK 0001951665),0001951665,4,2026-04-21,2026-04-21,https://www.sec.gov/Archives/edgar/data/1951665/000195166526000010/0001951665-26-000010-index.htm,person,insider_transaction
SEC_FORM4,Sklar Ross Jeffery  (CIK 0001652948),0001652948,4,2026-04-22,2026-04-22,https://www.sec.gov/Archives/edgar/data/1652948/000149315226018423/0001493152-26-018423-index.htm,person,insider_transaction
SEC_FORM4,Intrator Michael N  (CIK 0002058037),0002058037,4,2026-05-07,2026-05-07,https://www.sec.gov/Archives/edgar/data/2058037/000176962826000224/0001769628-26-000224-index.htm,person,insider_transaction
SEC_FORM4,Austin Earl C. Jr.  (CIK 0001473203),0001473203,4,2026-05-07,2026-05-07,https://www.sec.gov/Archives/edgar/data/1473203/000147320326000009/0001473203-26-000009-index.htm,person,insider_transaction
SEC_FORM4,Wilson-Thompson Kathleen  (CIK 0001331680),0001331680,4,2026-05-04,2026-05-04,https://www.sec.gov/Archives/edgar/data/1331680/000110465926055079/0001104659-26-055079-index.htm,person,insider_transaction
SEC_FORM4,Kober John  (CIK 0001338249),0001338249,4,2026-05-20,2026-05-20,https://www.sec.gov/Archives/edgar/data/1338249/000090445426000312/0000904454-26-000312-index.htm,person,insider_transaction
SEC_FORM4,Pentwater Capital Management LP  (CIK 0001425851),0001425851,4,2026-04-28,2026-04-28,https://www.sec.gov/Archives/edgar/data/1425851/000090266426002182/0000902664-26-002182-index.htm,person,insider_transaction
SEC_FORM4,Pentwater Capital Management LP  (CIK 0001425851),0001425851,4/A,2026-05-12,2026-05-12,https://www.sec.gov/Archives/edgar/data/1425851/000090266426002386/0000902664-26-002386-index.htm,person,insider_transaction
SEC_FORM4,Magnetar Financial LLC  (CIK 0001352851),0001352851,4,2026-04-24,2026-04-24,https://www.sec.gov/Archives/edgar/data/1352851/000110465926048787/0001104659-26-048787-index.htm,person,insider_transaction
SEC_FORM4,Blavatnik Len  (CIK 0001326628),0001326628,4,2026-05-11,2026-05-11,https://www.sec.gov/Archives/edgar/data/1326628/000119312526217611/0001193125-26-217611-index.htm,person,insider_transaction
SEC_FORM4,RAY MICHAEL CHARLES  (CIK 0001593199),0001593199,4,2026-05-05,2026-05-05,https://www.sec.gov/Archives/edgar/data/1593199/000159319926000003/0001593199-26-000003-index.htm,person,insider_transaction
SEC_FORM4,Magnetar Financial LLC  (CIK 0001352851),0001352851,4,2026-05-08,2026-05-08,https://www.sec.gov/Archives/edgar/data/1352851/000110465926058111/0001104659-26-058111-index.htm,person,insider_transaction
SEC_FORM4,WELSH MARK A III  (CIK 0001692554),0001692554,4,2026-05-05,2026-05-05,https://www.sec.gov/Archives/edgar/data/1692554/000162828026030668/0001628280-26-030668-index.htm,person,insider_transaction
SEC_FORM4,Magnetar Financial LLC  (CIK 0001352851),0001352851,4,2026-05-08,2026-05-08,https://www.sec.gov/Archives/edgar/data/1352851/000110465926058110/0001104659-26-058110-index.htm,person,insider_transaction
SEC_FORM4,Magnetar Financial LLC  (CIK 0001352851),0001352851,4,2026-05-08,2026-05-08,https://www.sec.gov/Archives/edgar/data/1352851/000110465926058116/0001104659-26-058116-index.htm,person,insider_transaction
SEC_FORM4,Pentwater Capital Management LP  (CIK 0001425851),0001425851,4/A,2026-05-12,2026-05-12,https://www.sec.gov/Archives/edgar/data/1425851/000090266426002387/0000902664-26-002387-index.htm,person,insider_transaction
SEC_FORM4,CORR PAUL J  (CIK 0001258045),0001258045,4,2026-05-19,2026-05-19,https://www.sec.gov/Archives/edgar/data/1258045/000207709626000135/0002077096-26-000135-index.htm,person,insider_transaction
SEC_FORM4,Richer Tobin P  (CIK 0002012179),0002012179,4,2026-05-08,2026-05-08,https://www.sec.gov/Archives/edgar/data/2012179/000201217926000003/0002012179-26-000003-index.htm,person,insider_transaction
SEC_FORM4,Lillie Brian  (CIK 0001648231),0001648231,4,2026-05-12,2026-05-12,https://www.sec.gov/Archives/edgar/data/1648231/000164823126000002/0001648231-26-000002-index.htm,person,insider_transaction
SEC_FORM4,Shaffer Mark A  (CIK 0001677053),0001677053,4,2026-05-13,2026-05-13,https://www.sec.gov/Archives/edgar/data/1677053/000167705326000006/0001677053-26-000006-index.htm,person,insider_transaction
SEC_FORM4,Torley Helen  (CIK 0001528185),0001528185,4,2026-05-13,2026-05-13,https://www.sec.gov/Archives/edgar/data/1528185/000115903626000070/0001159036-26-000070-index.htm,person,insider_transaction
SEC_FORM4,McBee Brannin  (CIK 0002058103),0002058103,4,2026-04-29,2026-04-29,https://www.sec.gov/Archives/edgar/data/2058103/000176962826000207/0001769628-26-000207-index.htm,person,insider_transaction
SEC_FORM4,Lawande Sachin  (CIK 0001454378),0001454378,4,2026-04-27,2026-04-27,https://www.sec.gov/Archives/edgar/data/1454378/000145437826000019/0001454378-26-000019-index.htm,person,insider_transaction
SEC_FORM4,Kalvert Seth J  (CIK 0001536024),0001536024,4,2026-05-05,2026-05-05,https://www.sec.gov/Archives/edgar/data/1536024/000152652026000076/0001526520-26-000076-index.htm,person,insider_transaction
SEC_FORM4,OAS ENERGY LLC  (CIK 0002132809),0002132809,4,2026-05-01,2026-05-01,https://www.sec.gov/Archives/edgar/data/2132809/000121390026050824/0001213900-26-050824-index.htm,person,insider_transaction
SEC_FORM4,Pinkham Louis V.  (CIK 0001560596),0001560596,4,2026-05-13,2026-05-13,https://www.sec.gov/Archives/edgar/data/1560596/000008281126000165/0000082811-26-000165-index.htm,person,insider_transaction
SEC_FORM4,Zatlyn Michelle  (CIK 0001786951),0001786951,4,2026-04-22,2026-04-22,https://www.sec.gov/Archives/edgar/data/1786951/000110465926047010/0001104659-26-047010-index.htm,person,insider_transaction
SEC_FORM4,HERSHEY TRUST CO TRUSTEE IN TRUST FOR MILTON HERSHEY SCHOOL  (CIK 0000938543),0000938543,4,2026-05-13,2026-05-13,https://www.sec.gov/Archives/edgar/data/938543/000095014226001372/0000950142-26-001372-index.htm,person,insider_transaction
SEC_FORM4,Pentwater Capital Management LP  (CIK 0001425851),0001425851,4,2026-04-28,2026-04-28,https://www.sec.gov/Archives/edgar/data/1425851/000090266426002184/0000902664-26-002184-index.htm,person,insider_transaction
SEC_FORM4,Venturo Brian M  (CIK 0002058067),0002058067,4,2026-04-24,2026-04-24,https://www.sec.gov/Archives/edgar/data/2058067/000176962826000204/0001769628-26-000204-index.htm,person,insider_transaction
SEC_FORM4,Cleveland Todd M  (CIK 0001407402),0001407402,4,2026-05-08,2026-05-08,https://www.sec.gov/Archives/edgar/data/1407402/000104826826000097/0001048268-26-000097-index.htm,person,insider_transaction
SEC_FORM4,Venturo Brian M  (CIK 0002058067),0002058067,4,2026-04-22,2026-04-22,https://www.sec.gov/Archives/edgar/data/2058067/000176962826000199/0001769628-26-000199-index.htm,person,insider_transaction
SEC_FORM4,Siragusa Thomas  (CIK 0002054519),0002054519,4,2026-05-19,2026-05-19,https://www.sec.gov/Archives/edgar/data/2054519/000184176126000051/0001841761-26-000051-index.htm,person,insider_transaction
SEC_FORM4,ABUHOFF JACK  (CIK 0001120632),0001120632,4,2026-05-14,2026-05-14,https://www.sec.gov/Archives/edgar/data/1120632/000110465926061493/0001104659-26-061493-index.htm,person,insider_transaction
SEC_FORM4,SEIFERT THOMAS J  (CIK 0001473289),0001473289,4,2026-05-19,2026-05-19,https://www.sec.gov/Archives/edgar/data/1473289/000147328926000014/0001473289-26-000014-index.htm,person,insider_transaction
SEC_FORM4,Crawford Jason  (CIK 0002026086),0002026086,4,2026-04-29,2026-04-29,https://www.sec.gov/Archives/edgar/data/2026086/000000894726000104/0000008947-26-000104-index.htm,person,insider_transaction
SEC_FORM4,Gajendra Sanjay  (CIK 0001998179),0001998179,4,2026-05-11,2026-05-11,https://www.sec.gov/Archives/edgar/data/1998179/000199817926000011/0001998179-26-000011-index.htm,person,insider_transaction
SEC_FORM4,Su Lisa T  (CIK 0001405109),0001405109,4,2026-05-15,2026-05-15,https://www.sec.gov/Archives/edgar/data/1405109/000000248826000096/0000002488-26-000096-index.htm,person,insider_transaction
SEC_FORM4,Venturo Brian M  (CIK 0002058067),0002058067,4,2026-05-01,2026-05-01,https://www.sec.gov/Archives/edgar/data/2058067/000176962826000212/0001769628-26-000212-index.htm,person,insider_transaction
SEC_FORM4,Intrator Michael N  (CIK 0002058037),0002058037,4,2026-04-30,2026-04-30,https://www.sec.gov/Archives/edgar/data/2058037/000176962826000210/0001769628-26-000210-index.htm,person,insider_transaction
SEC_FORM4,Magnetar Financial LLC  (CIK 0001352851),0001352851,4,2026-05-08,2026-05-08,https://www.sec.gov/Archives/edgar/data/1352851/000110465926058113/0001104659-26-058113-index.htm,person,insider_transaction
SEC_FORM4,McBee Brannin  (CIK 0002058103),0002058103,4,2026-04-22,2026-04-22,https://www.sec.gov/Archives/edgar/data/2058103/000176962826000198/0001769628-26-000198-index.htm,person,insider_transaction
SEC_FORM4,Yan Ming  (CIK 0001874041),0001874041,4,2026-05-20,2026-05-20,https://www.sec.gov/Archives/edgar/data/1874041/000187404126000005/0001874041-26-000005-index.htm,person,insider_transaction
SEC_FORM4,Intrator Michael N  (CIK 0002058037),0002058037,4,2026-05-14,2026-05-14,https://www.sec.gov/Archives/edgar/data/2058037/000176962826000230/0001769628-26-000230-index.htm,person,insider_transaction
SEC_FORM4,Magnetar Financial LLC  (CIK 0001352851),0001352851,4,2026-05-06,2026-05-06,https://www.sec.gov/Archives/edgar/data/1352851/000110465926056509/0001104659-26-056509-index.htm,person,insider_transaction
SEC_FORM4,Frichtl Mark  (CIK 0001847596),0001847596,4,2026-05-15,2026-05-15,https://www.sec.gov/Archives/edgar/data/1847596/000119312526227373/0001193125-26-227373-index.htm,person,insider_transaction
SEC_FORM4,Cyr William B.  (CIK 0001680803),0001680803,4,2026-05-19,2026-05-19,https://www.sec.gov/Archives/edgar/data/1680803/000092963826001928/0000929638-26-001928-index.htm,person,insider_transaction
SEC_FORM4,KOZARICH JOHN W  (CIK 0001223000),0001223000,4,2026-05-14,2026-05-14,https://www.sec.gov/Archives/edgar/data/1223000/000200101126000049/0002001011-26-000049-index.htm,person,insider_transaction
SEC_FORM4,Magnetar Financial LLC  (CIK 0001352851),0001352851,4,2026-04-24,2026-04-24,https://www.sec.gov/Archives/edgar/data/1352851/000110465926048789/0001104659-26-048789-index.htm,person,insider_transaction
SEC_FORM4,Kurtz George  (CIK 0001778564),0001778564,4,2026-04-27,2026-04-27,https://www.sec.gov/Archives/edgar/data/1778564/000177856426000024/0001778564-26-000024-index.htm,person,insider_transaction
SEC_FORM4,Magnetar Financial LLC  (CIK 0001352851),0001352851,4,2026-05-06,2026-05-06,https://www.sec.gov/Archives/edgar/data/1352851/000110465926056500/0001104659-26-056500-index.htm,person,insider_transaction
SEC_FORM4,"Insight Holdings Group, LLC  (CIK 0001305473)",0001305473,4,2026-05-12,2026-05-12,https://www.sec.gov/Archives/edgar/data/1305473/000089914026000441/0000899140-26-000441-index.htm,person,insider_transaction
SEC_FORM4,Sport City Cadiz S.L.  (CIK 0002099083),0002099083,4,2026-04-27,2026-04-27,https://www.sec.gov/Archives/edgar/data/2099083/000149315226019125/0001493152-26-019125-index.htm,person,insider_transaction
SEC_FORM4,Marquette Travis  (CIK 0001784967),0001784967,4,2026-05-05,2026-05-05,https://www.sec.gov/Archives/edgar/data/1784967/000119312526206444/0001193125-26-206444-index.htm,person,insider_transaction
SEC_FORM4,MEHROTRA SANJAY  (CIK 0001242654),0001242654,4,2026-05-05,2026-05-05,https://www.sec.gov/Archives/edgar/data/1242654/000124265426000005/0001242654-26-000005-index.htm,person,insider_transaction
SEC_FORM4,MACDONALD LAURA ANN  (CIK 0001773704),0001773704,4,2026-05-12,2026-05-12,https://www.sec.gov/Archives/edgar/data/1773704/000177370426000018/0001773704-26-000018-index.htm,person,insider_transaction
SEC_FORM4,Protell Charles  (CIK 0001690495),0001690495,4,2026-04-30,2026-04-30,https://www.sec.gov/Archives/edgar/data/1690495/000169049526000005/0001690495-26-000005-index.htm,person,insider_transaction
SEC_FORM4,Rainwater Evan  (CIK 0001915550),0001915550,4,2026-05-01,2026-05-01,https://www.sec.gov/Archives/edgar/data/1915550/000162828026029262/0001628280-26-029262-index.htm,person,insider_transaction
SEC_FORM4,Magnetar Financial LLC  (CIK 0001352851),0001352851,4,2026-05-06,2026-05-06,https://www.sec.gov/Archives/edgar/data/1352851/000110465926056502/0001104659-26-056502-index.htm,person,insider_transaction
SEC_FORM4,Venturo Brian M  (CIK 0002058067),0002058067,4,2026-05-06,2026-05-06,https://www.sec.gov/Archives/edgar/data/2058067/000176962826000215/0001769628-26-000215-index.htm,person,insider_transaction
SEC_FORM4,Venturo Brian M  (CIK 0002058067),0002058067,4,2026-05-15,2026-05-15,https://www.sec.gov/Archives/edgar/data/2058067/000176962826000234/0001769628-26-000234-index.htm,person,insider_transaction
SEC_FORM4,McBee Brannin  (CIK 0002058103),0002058103,4,2026-04-22,2026-04-22,https://www.sec.gov/Archives/edgar/data/2058103/000176962826000197/0001769628-26-000197-index.htm,person,insider_transaction
SEC_FORM4,RENTON HOLLINGS  (CIK 0001187333),0001187333,4,2026-04-22,2026-04-22,https://www.sec.gov/Archives/edgar/data/1187333/000118733326000002/0001187333-26-000002-index.htm,person,insider_transaction
SEC_FORM4,McClelland Bruce William  (CIK 0001424201),0001424201,4,2026-05-19,2026-05-19,https://www.sec.gov/Archives/edgar/data/1424201/000170805526000033/0001708055-26-000033-index.htm,person,insider_transaction
SEC_FORM4,Watson Jill Foss  (CIK 0001568982),0001568982,4,2026-04-22,2026-04-22,https://www.sec.gov/Archives/edgar/data/1568982/000156898226000002/0001568982-26-000002-index.htm,person,insider_transaction
SEC_FORM4,Collier Charles  (CIK 0001951665),0001951665,4,2026-05-05,2026-05-05,https://www.sec.gov/Archives/edgar/data/1951665/000195166526000012/0001951665-26-000012-index.htm,person,insider_transaction
SEC_FORM4,Lentell Eric  (CIK 0002016416),0002016416,4,2026-05-19,2026-05-19,https://www.sec.gov/Archives/edgar/data/2016416/000201641626000015/0002016416-26-000015-index.htm,person,insider_transaction
SEC_FORM4,Mackey Tara D  (CIK 0001607217),0001607217,4,2026-04-29,2026-04-29,https://www.sec.gov/Archives/edgar/data/1607217/000000894726000102/0000008947-26-000102-index.htm,person,insider_transaction
SEC_FORM4,HOLMES NED S  (CIK 0001136856),0001136856,4,2026-04-30,2026-04-30,https://www.sec.gov/Archives/edgar/data/1136856/000119312526195783/0001193125-26-195783-index.htm,person,insider_transaction
SEC_FORM4,Magnetar Financial LLC  (CIK 0001352851),0001352851,4,2026-04-24,2026-04-24,https://www.sec.gov/Archives/edgar/data/1352851/000110465926048786/0001104659-26-048786-index.htm,person,insider_transaction
SEC_FORM4,George Simeon  (CIK 0001595117),0001595117,4,2026-05-11,2026-05-11,https://www.sec.gov/Archives/edgar/data/1595117/000119312526217656/0001193125-26-217656-index.htm,person,insider_transaction
SEC_FORM4,Graham-Cumming John  (CIK 0002062725),0002062725,4,2026-05-05,2026-05-05,https://www.sec.gov/Archives/edgar/data/2062725/000206272526000010/0002062725-26-000010-index.htm,person,insider_transaction
SEC_FORM4,Reiss Joel  (CIK 0001656109),0001656109,4,2026-05-18,2026-05-18,https://www.sec.gov/Archives/edgar/data/1656109/000165610926000001/0001656109-26-000001-index.htm,person,insider_transaction
SEC_FORM4,"Qiming Venture Partners VI, L.P.  (CIK 0001733278)",0001733278,4,2026-04-22,2026-04-22,https://www.sec.gov/Archives/edgar/data/1733278/000123191926000392/0001231919-26-000392-index.htm,person,insider_transaction
SEC_FORM4,DeLong Mark Jeffrey  (CIK 0001856078),0001856078,4,2026-05-14,2026-05-14,https://www.sec.gov/Archives/edgar/data/1856078/000119312526224597/0001193125-26-224597-index.htm,person,insider_transaction
SEC_FORM4,Curnes Nelson Bunker  (CIK 0002124944),0002124944,4,2026-05-11,2026-05-11,https://www.sec.gov/Archives/edgar/data/2124944/000162828026033804/0001628280-26-033804-index.htm,person,insider_transaction
SEC_FORM4,Giancarlo Charles H  (CIK 0001299634),0001299634,4,2026-05-13,2026-05-13,https://www.sec.gov/Archives/edgar/data/1299634/000129963426000006/0001299634-26-000006-index.htm,person,insider_transaction
SEC_FORM4,Howley W Nicholas  (CIK 0001352573),0001352573,4,2026-04-21,2026-04-21,https://www.sec.gov/Archives/edgar/data/1352573/000119312526167008/0001193125-26-167008-index.htm,person,insider_transaction
SEC_FORM4,DEWALT DAVID G  (CIK 0001228853),0001228853,4,2026-05-12,2026-05-12,https://www.sec.gov/Archives/edgar/data/1228853/000122885326000014/0001228853-26-000014-index.htm,person,insider_transaction
SEC_FORM4,Schmidt James F  (CIK 0001866281),0001866281,4,2026-05-05,2026-05-05,https://www.sec.gov/Archives/edgar/data/1866281/000186628126000003/0001866281-26-000003-index.htm,person,insider_transaction
