source,person_name,occupation,employer,country,city,roles,industries,website,socials,wikidata_id,aliases,node_type,relationship_type
Wikidata,James Goodnight,statistician,,United States,,,,,,Q92733,,person,professional
Wikidata,Sid Meier,entrepreneur,,Canada,,,,,,Q92616,,person,professional
Wikidata,Karl Godulla,industrialist,,Russian Empire,,,,,,Q91266,,person,professional
Wikidata,Dan Bricklin,engineer,,United States,,,,,,Q92624,,person,professional
Wikidata,James Clark,engineer,,United Kingdom,,,,,,Q92660,,person,professional
Wikidata,Carl Heinrich Theodor Knorr,entrepreneur,,Duchy of Brunswick,,,,,,Q90883,,person,professional
Wikidata,Tamara Desni,entrepreneur,,Germany,,,,,,Q91562,,person,professional
Wikidata,Eric Schmidt,software engineer,,United States,,,,,,Q92747,,person,professional
Wikidata,Bruno Tesch,Holocaust perpetrator,,Germany,,,,,,Q92105,,person,professional
Wikidata,Thomas Haffa,entrepreneur,,Germany,,,,,,Q92391,,person,professional
Wikidata,Georg Winter,lyricist,,Germany,,,,,,Q91309,,person,professional
Wikidata,Niklas Zennström,businessperson,,Sweden,,,,,,Q92634,,person,professional
Wikidata,Friedrich Georg Wieck,translator,,Germany,,,,,,Q92460,,person,professional
Wikidata,Gustav Hartmann,entrepreneur,,German Confederation,,,,,,Q91561,,person,professional
Wikidata,Rainer Zitelmann,historian,,Germany,,,,,,Q90744,,person,professional
Wikidata,Christoph Franz,businessperson,,Switzerland,,,,,,Q92434,,person,professional
Wikidata,Otto Röhm,chemist,,German Reich,,,,,,Q91500,,person,professional
Wikidata,Günter Mast,entrepreneur,,Germany,,,,,,Q91826,,person,professional
Wikidata,Karl Nessler,entrepreneur,,United States,,,,,,Q90853,,person,professional
Wikidata,Janus Friis,computer scientist,,Kingdom of Denmark,,,,,,Q92771,,person,professional
Wikidata,Larry Ellison,aircraft pilot,,United States,,,,,,Q92759,,person,professional
Wikidata,Christof Ebert,university teacher,,Germany,,,,,,Q92721,,person,professional
Wikidata,Linda Maria Koldau,university teacher,,Germany,,,,,,Q91102,,person,professional
Wikidata,Georg Neumann,entrepreneur,,Germany,,,,,,Q90768,,person,professional
Wikidata,Wilhelm Karmann,entrepreneur,,Germany,,,,,,Q91481,,person,professional
Wikidata,Roland Mack,entrepreneur,,Germany,,,,,,Q91423,,person,professional
Wikidata,"Hans Heinrich XI, 2nd Prince of Pless, Count of Hochberg",politician,,Kingdom of Prussia,,,,,,Q90708,,person,professional
Wikidata,Armen Sarkissian,diplomat,,Soviet Union,,,,,,Q93153,,person,professional
Wikidata,Tony Fadell,businessperson,,United States,,,,,,Q92879,,person,professional
Wikidata,Robin Li,inventor,,People's Republic of China,,,,,,Q92985,,person,professional
Wikidata,Zeida@para deputy Oppo zer1001,author,,United States,,,,,,Q92945,,person,professional
Wikidata,William Norris,entrepreneur,,United States,,,,,,Q93117,,person,professional
Wikidata,Karlheinz Steinmüller,writer,,German Democratic Republic,,,,,,Q95255,,person,professional
Wikidata,James Wilson,banker,,United Kingdom of Great Britain and Ireland,,,,,,Q94765,,person,professional
Wikidata,Ulla Weigerstorfer,actor,,Austria,,,,,,Q94004,,person,professional
Wikidata,Simon von Lämel,banker,,Austrian Empire,,,,,,Q94538,,person,professional
Wikidata,John L. Hennessy,academic,,United States,,,,,,Q92854,,person,professional
Wikidata,Roy Walter Riehlman,entrepreneur,,United States,,,,,,Q93375,,person,professional
Wikidata,Henry Clay Frick,patron of the arts,,United States,,,,,,Q93709,,person,professional
Wikidata,Craig McCaw,entrepreneur,,United States,,,,,,Q93536,,person,professional
Wikidata,Tim Gill,entrepreneur,,United States,,,,,,Q92917,,person,professional
Wikidata,Max Levchin,businessperson,,United States,,,,,,Q93014,,person,professional
Wikidata,William Daniel Hillis,inventor,,United States,,,,,,Q92942,,person,professional
Wikidata,Johann Kremenezky,entrepreneur,,Austria,,,,,,Q94563,,person,professional
Wikidata,Hans Imhoff,entrepreneur,,Germany,,,,,,Q95224,,person,professional
Wikidata,Werner Otto,entrepreneur,,Germany,,,,,,Q95188,,person,professional
